DateCollected,Time,Vineyard,AirTemperature,HeatIndex,RelativeHumidity,StationPressure,DewPoint,Sex,Activity,Weight,BodyTemperature
10/8/21,8:00:00 AM,VC,20.60,NA,NA,NA,NA,F,I,0.43,78.00
10/8/21,8:00:00 AM,VC,20.60,NA,NA,NA,NA,F,F,0.89,86.60
10/8/21,8:00:00 AM,VC,20.60,NA,NA,NA,NA,F,I,0.57,81.60
10/8/21,8:00:00 AM,VC,20.60,NA,NA,NA,NA,F,F,0.48,82.10
10/8/21,8:00:00 AM,VC,20.60,NA,NA,NA,NA,F,F,0.72,88.30
10/8/21,8:00:00 AM,VC,20.60,NA,NA,NA,NA,F,F,0.47,82.40
10/8/21,8:00:00 AM,VC,20.60,NA,NA,NA,NA,F,F,0.33,80.40
10/8/21,8:00:00 AM,VC,20.60,NA,NA,NA,NA,F,I,0.41,74.60
10/8/21,8:00:00 AM,VC,20.60,NA,NA,NA,NA,F,I,0.54,81.40
10/8/21,8:00:00 AM,VC,20.60,NA,NA,NA,NA,F,I,0.41,75.90
10/8/21,8:00:00 AM,VC,20.60,NA,NA,NA,NA,F,I,0.57,86.10
10/8/21,8:00:00 AM,VC,20.60,NA,NA,NA,NA,F,F,0.71,88.30
10/8/21,8:00:00 AM,VC,20.60,NA,NA,NA,NA,F,I,0.81,83.60
10/8/21,8:00:00 AM,VC,20.60,NA,NA,NA,NA,F,F,0.50,73.70
10/8/21,8:00:00 AM,VC,20.60,NA,NA,NA,NA,F,F,0.57,82.70
10/8/21,8:00:00 AM,VC,20.60,NA,NA,NA,NA,F,F,0.62,85.80
10/8/21,8:00:00 AM,VC,20.60,NA,NA,NA,NA,F,F,0.68,85.50
10/8/21,8:00:00 AM,VC,20.60,NA,NA,NA,NA,F,F,0.64,87.70
10/8/21,8:00:00 AM,VC,20.60,NA,NA,NA,NA,F,I,0.58,78.90
10/8/21,8:00:00 AM,VC,20.60,NA,NA,NA,NA,F,F,0.47,78.00
10/8/21,8:00:00 AM,VC,20.60,NA,NA,NA,NA,M,F,0.25,83.30
10/8/21,8:00:00 AM,VC,20.60,NA,NA,NA,NA,M,F,0.24,81.40
10/8/21,8:00:00 AM,VC,20.60,NA,NA,NA,NA,M,I,0.33,83.20
10/8/21,8:00:00 AM,VC,20.60,NA,NA,NA,NA,M,F,0.34,83.80
10/8/21,8:00:00 AM,VC,20.60,NA,NA,NA,NA,M,C,0.35,84.90
10/8/21,8:00:00 AM,VC,20.60,NA,NA,NA,NA,M,I,0.33,83.80
10/8/21,8:00:00 AM,VC,20.60,NA,NA,NA,NA,M,I,0.62,82.10
10/8/21,8:00:00 AM,VC,20.60,NA,NA,NA,NA,M,I,0.27,77.60
10/8/21,8:00:00 AM,VC,20.60,NA,NA,NA,NA,M,I,0.58,82.50
10/8/21,8:00:00 AM,VC,20.60,NA,NA,NA,NA,M,I,0.25,75.60
10/8/21,8:00:00 AM,VC,20.60,NA,NA,NA,NA,M,I,0.29,80.40
10/8/21,8:00:00 AM,VC,20.60,NA,NA,NA,NA,M,NA,NA,NA
10/8/21,8:00:00 AM,VC,20.60,NA,NA,NA,NA,M,NA,NA,NA
10/8/21,8:00:00 AM,VC,20.60,NA,NA,NA,NA,M,NA,NA,NA
10/8/21,8:00:00 AM,VC,20.60,NA,NA,NA,NA,M,NA,NA,NA
10/8/21,8:00:00 AM,VC,20.60,NA,NA,NA,NA,M,NA,NA,NA
10/8/21,8:00:00 AM,VC,20.60,NA,NA,NA,NA,M,NA,NA,NA
10/8/21,8:00:00 AM,VC,20.60,NA,NA,NA,NA,M,NA,NA,NA
10/8/21,8:00:00 AM,VC,20.60,NA,NA,NA,NA,M,NA,NA,NA
10/8/21,8:00:00 AM,VC,20.60,NA,NA,NA,NA,M,NA,NA,NA
10/8/21,10:00:00 AM,VC,21.90,NA,NA,NA,NA,F,F,0.59,83.80
10/8/21,10:00:00 AM,VC,21.90,NA,NA,NA,NA,F,F,0.75,84.90
10/8/21,10:00:00 AM,VC,21.90,NA,NA,NA,NA,F,F,0.57,84.30
10/8/21,10:00:00 AM,VC,21.90,NA,NA,NA,NA,F,F,0.81,82.90
10/8/21,10:00:00 AM,VC,21.90,NA,NA,NA,NA,F,I,0.40,82.30
10/8/21,10:00:00 AM,VC,21.90,NA,NA,NA,NA,F,I,0.74,88.00
10/8/21,10:00:00 AM,VC,21.90,NA,NA,NA,NA,F,I,0.38,84.10
10/8/21,10:00:00 AM,VC,21.90,NA,NA,NA,NA,F,I,0.47,84.30
10/8/21,10:00:00 AM,VC,21.90,NA,NA,NA,NA,F,W,0.46,84.50
10/8/21,10:00:00 AM,VC,21.90,NA,NA,NA,NA,F,F,0.52,86.60
10/8/21,10:00:00 AM,VC,21.90,NA,NA,NA,NA,M,F,0.37,85.40
10/8/21,10:00:00 AM,VC,21.90,NA,NA,NA,NA,M,I,0.25,86.10
10/8/21,10:00:00 AM,VC,21.90,NA,NA,NA,NA,M,I,0.29,83.90
10/8/21,10:00:00 AM,VC,21.90,NA,NA,NA,NA,M,W,0.32,82.10
10/8/21,10:00:00 AM,VC,21.90,NA,NA,NA,NA,M,M,0.17,88.00
10/8/21,10:00:00 AM,VC,21.90,NA,NA,NA,NA,M,C,0.27,86.60
10/8/21,10:00:00 AM,VC,21.90,NA,NA,NA,NA,M,I,0.18,83.20
10/8/21,10:00:00 AM,VC,21.90,NA,NA,NA,NA,M,I,0.21,82.40
10/8/21,10:00:00 AM,VC,21.90,NA,NA,NA,NA,M,F,0.27,86.60
10/8/21,10:00:00 AM,VC,21.90,NA,NA,NA,NA,M,F,0.22,81.30
10/8/21,12:00:00 PM,VC,25.80,NA,NA,NA,NA,F,W,0.79,89.30
10/8/21,12:00:00 PM,VC,25.80,NA,NA,NA,NA,F,I,0.69,86.60
10/8/21,12:00:00 PM,VC,25.80,NA,NA,NA,NA,F,F,0.46,84.40
10/8/21,12:00:00 PM,VC,25.80,NA,NA,NA,NA,F,F,0.46,91.30
10/8/21,12:00:00 PM,VC,25.80,NA,NA,NA,NA,F,F,0.54,88.30
10/8/21,12:00:00 PM,VC,25.80,NA,NA,NA,NA,F,F,0.72,88.10
10/8/21,12:00:00 PM,VC,25.80,NA,NA,NA,NA,F,I,0.55,87.30
10/8/21,12:00:00 PM,VC,25.80,NA,NA,NA,NA,F,W,0.28,85.40
10/8/21,12:00:00 PM,VC,25.80,NA,NA,NA,NA,F,I,0.75,87.20
10/8/21,12:00:00 PM,VC,25.80,NA,NA,NA,NA,F,W,0.72,92.80
10/8/21,12:00:00 PM,VC,25.80,NA,NA,NA,NA,M,W,0.29,88.00
10/8/21,12:00:00 PM,VC,25.80,NA,NA,NA,NA,M,W,0.24,86.10
10/8/21,12:00:00 PM,VC,25.80,NA,NA,NA,NA,M,F,0.27,92.80
10/8/21,12:00:00 PM,VC,25.80,NA,NA,NA,NA,M,W,0.27,89.30
10/8/21,12:00:00 PM,VC,25.80,NA,NA,NA,NA,M,I,0.29,86.90
10/8/21,12:00:00 PM,VC,25.80,NA,NA,NA,NA,M,F,0.22,87.10
10/8/21,12:00:00 PM,VC,25.80,NA,NA,NA,NA,M,F,0.21,85.50
10/8/21,12:00:00 PM,VC,25.80,NA,NA,NA,NA,M,I,0.30,92.60
10/8/21,12:00:00 PM,VC,25.80,NA,NA,NA,NA,M,W,0.19,97.30
10/8/21,12:00:00 PM,VC,25.80,NA,NA,NA,NA,M,F,0.27,93.20
10/8/21,2:00:00 PM,VC,25.60,NA,NA,NA,NA,F,F,0.34,92.40
10/8/21,2:00:00 PM,VC,25.60,NA,NA,NA,NA,F,F,0.53,89.40
10/8/21,2:00:00 PM,VC,25.60,NA,NA,NA,NA,F,F,0.68,91.80
10/8/21,2:00:00 PM,VC,25.60,NA,NA,NA,NA,F,I,0.55,84.20
10/8/21,2:00:00 PM,VC,25.60,NA,NA,NA,NA,F,I,0.23,88.70
10/8/21,2:00:00 PM,VC,25.60,NA,NA,NA,NA,F,F,0.48,89.10
10/8/21,2:00:00 PM,VC,25.60,NA,NA,NA,NA,F,I,0.40,85.50
10/8/21,2:00:00 PM,VC,25.60,NA,NA,NA,NA,F,I,0.34,84.90
10/8/21,2:00:00 PM,VC,25.60,NA,NA,NA,NA,F,F,0.62,91.10
10/8/21,2:00:00 PM,VC,25.60,NA,NA,NA,NA,F,F,0.58,87.60
10/8/21,2:00:00 PM,VC,25.60,NA,NA,NA,NA,M,F,0.33,85.50
10/8/21,2:00:00 PM,VC,25.60,NA,NA,NA,NA,M,F,0.19,84.60
10/8/21,2:00:00 PM,VC,25.60,NA,NA,NA,NA,M,I,0.16,87.00
10/8/21,2:00:00 PM,VC,25.60,NA,NA,NA,NA,M,I,0.21,86.60
10/8/21,2:00:00 PM,VC,25.60,NA,NA,NA,NA,M,C,0.05,84.20
10/8/21,2:00:00 PM,VC,25.60,NA,NA,NA,NA,M,W,0.14,83.30
10/8/21,2:00:00 PM,VC,25.60,NA,NA,NA,NA,M,F,0.09,86.30
10/8/21,2:00:00 PM,VC,25.60,NA,NA,NA,NA,M,I,0.30,82.10
10/8/21,2:00:00 PM,VC,25.60,NA,NA,NA,NA,M,I,0.04,86.30
10/8/21,2:00:00 PM,VC,25.60,NA,NA,NA,NA,M,F,0.14,80.80
10/8/21,4:00:00 PM,VC,25.10,NA,NA,NA,NA,F,I,0.45,88.30
10/8/21,4:00:00 PM,VC,25.10,NA,NA,NA,NA,F,F,0.60,88.00
10/8/21,4:00:00 PM,VC,25.10,NA,NA,NA,NA,F,F,0.64,87.10
10/8/21,4:00:00 PM,VC,25.10,NA,NA,NA,NA,F,F,0.29,80.70
10/8/21,4:00:00 PM,VC,25.10,NA,NA,NA,NA,F,F,0.15,86.10
10/8/21,4:00:00 PM,VC,25.10,NA,NA,NA,NA,F,F,0.65,87.10
10/8/21,4:00:00 PM,VC,25.10,NA,NA,NA,NA,F,F,0.46,80.40
10/8/21,4:00:00 PM,VC,25.10,NA,NA,NA,NA,F,F,0.75,84.90
10/8/21,4:00:00 PM,VC,25.10,NA,NA,NA,NA,F,F,0.59,84.30
10/8/21,4:00:00 PM,VC,25.10,NA,NA,NA,NA,F,I,0.50,83.30
10/8/21,4:00:00 PM,VC,25.10,NA,NA,NA,NA,M,I,0.13,83.50
10/8/21,4:00:00 PM,VC,25.10,NA,NA,NA,NA,M,F,0.16,86.10
10/8/21,4:00:00 PM,VC,25.10,NA,NA,NA,NA,M,F,0.03,79.90
10/8/21,4:00:00 PM,VC,25.10,NA,NA,NA,NA,M,F,0.19,84.50
10/8/21,4:00:00 PM,VC,25.10,NA,NA,NA,NA,M,F,0.22,89.40
10/8/21,4:00:00 PM,VC,25.10,NA,NA,NA,NA,M,I,0.22,81.60
10/8/21,4:00:00 PM,VC,25.10,NA,NA,NA,NA,M,F,0.24,85.20
10/8/21,4:00:00 PM,VC,25.10,NA,NA,NA,NA,M,F,0.25,81.80
10/8/21,4:00:00 PM,VC,25.10,NA,NA,NA,NA,M,F,0.35,85.40
10/8/21,4:00:00 PM,VC,25.10,NA,NA,NA,NA,M,F,0.27,81.90
10/15/21,8:00:00 AM,VC,18.20,18.00,80.00,992.20,14.70,F,F,0.35,70.30
10/15/21,8:00:00 AM,VC,18.20,18.00,80.00,992.20,14.70,F,F,0.60,82.10
10/15/21,8:00:00 AM,VC,18.20,18.00,80.00,992.20,14.70,F,I,0.58,80.10
10/15/21,8:00:00 AM,VC,18.20,18.00,80.00,992.20,14.70,F,I,0.38,72.10
10/15/21,8:00:00 AM,VC,18.20,18.00,80.00,992.20,14.70,F,F,0.45,81.90
10/15/21,8:00:00 AM,VC,18.20,18.00,80.00,992.20,14.70,F,F,0.63,75.90
10/15/21,8:00:00 AM,VC,18.20,18.00,80.00,992.20,14.70,F,F,0.38,78.00
10/15/21,8:00:00 AM,VC,18.20,18.00,80.00,992.20,14.70,F,F,0.64,86.90
10/15/21,8:00:00 AM,VC,18.20,18.00,80.00,992.20,14.70,F,F,0.58,83.50
10/15/21,8:00:00 AM,VC,18.20,18.00,80.00,992.20,14.70,F,F,0.46,71.40
10/15/21,8:00:00 AM,VC,18.20,18.00,80.00,992.20,14.70,M,F,0.28,74.80
10/15/21,8:00:00 AM,VC,18.20,18.00,80.00,992.20,14.70,M,W,0.16,71.90
10/15/21,8:00:00 AM,VC,18.20,18.00,80.00,992.20,14.70,M,W,0.23,77.60
10/15/21,8:00:00 AM,VC,18.20,18.00,80.00,992.20,14.70,M,F,0.28,73.90
10/15/21,8:00:00 AM,VC,18.20,18.00,80.00,992.20,14.70,M,F,0.27,79.80
10/15/21,8:00:00 AM,VC,18.20,18.00,80.00,992.20,14.70,M,I,0.27,83.40
10/15/21,8:00:00 AM,VC,18.20,18.00,80.00,992.20,14.70,M,F,0.31,84.30
10/15/21,8:00:00 AM,VC,18.20,18.00,80.00,992.20,14.70,M,I,0.31,82.70
10/15/21,8:00:00 AM,VC,18.20,18.00,80.00,992.20,14.70,M,F,0.25,83.50
10/15/21,8:00:00 AM,VC,18.20,18.00,80.00,992.20,14.70,M,F,0.33,82.60
10/15/21,10:00:00 AM,VC,21.60,22.30,81.20,992.40,18.30,F,F,0.36,77.60
10/15/21,10:00:00 AM,VC,21.60,22.30,81.20,992.40,18.30,F,I,0.33,78.20
10/15/21,10:00:00 AM,VC,21.60,22.30,81.20,992.40,18.30,F,F,0.67,89.60
10/15/21,10:00:00 AM,VC,21.60,22.30,81.20,992.40,18.30,F,I,0.41,80.80
10/15/21,10:00:00 AM,VC,21.60,22.30,81.20,992.40,18.30,F,I,0.51,86.60
10/15/21,10:00:00 AM,VC,21.60,22.30,81.20,992.40,18.30,F,F,0.57,83.80
10/15/21,10:00:00 AM,VC,21.60,22.30,81.20,992.40,18.30,F,F,0.39,85.60
10/15/21,10:00:00 AM,VC,21.60,22.30,81.20,992.40,18.30,F,F,0.44,81.30
10/15/21,10:00:00 AM,VC,21.60,22.30,81.20,992.40,18.30,F,F,0.31,84.10
10/15/21,10:00:00 AM,VC,21.60,22.30,81.20,992.40,18.30,F,F,0.44,89.10
10/15/21,10:00:00 AM,VC,21.60,22.30,81.20,992.40,18.30,M,W,0.24,84.60
10/15/21,10:00:00 AM,VC,21.60,22.30,81.20,992.40,18.30,M,I,0.23,83.80
10/15/21,10:00:00 AM,VC,21.60,22.30,81.20,992.40,18.30,M,I,0.28,82.70
10/15/21,10:00:00 AM,VC,21.60,22.30,81.20,992.40,18.30,M,F,0.28,85.20
10/15/21,10:00:00 AM,VC,21.60,22.30,81.20,992.40,18.30,M,M,0.24,85.80
10/15/21,10:00:00 AM,VC,21.60,22.30,81.20,992.40,18.30,M,F,0.29,88.30
10/15/21,10:00:00 AM,VC,21.60,22.30,81.20,992.40,18.30,M,W,0.25,88.60
10/15/21,10:00:00 AM,VC,21.60,22.30,81.20,992.40,18.30,M,F,0.28,86.60
10/15/21,10:00:00 AM,VC,21.60,22.30,81.20,992.40,18.30,M,C,0.26,89.40
10/15/21,10:00:00 AM,VC,21.60,22.30,81.20,992.40,18.30,M,F,0.23,87.80
10/15/21,12:00:00 PM,VC,31.00,35.50,58.20,991.00,21.90,F,F,0.65,89.40
10/15/21,12:00:00 PM,VC,31.00,35.50,58.20,991.00,21.90,F,F,0.42,92.80
10/15/21,12:00:00 PM,VC,31.00,35.50,58.20,991.00,21.90,F,W,0.51,90.60
10/15/21,12:00:00 PM,VC,31.00,35.50,58.20,991.00,21.90,F,F,0.59,92.50
10/15/21,12:00:00 PM,VC,31.00,35.50,58.20,991.00,21.90,F,F,0.44,93.60
10/15/21,12:00:00 PM,VC,31.00,35.50,58.20,991.00,21.90,F,F,0.44,94.80
10/15/21,12:00:00 PM,VC,31.00,35.50,58.20,991.00,21.90,F,F,0.54,90.40
10/15/21,12:00:00 PM,VC,31.00,35.50,58.20,991.00,21.90,F,F,0.66,91.10
10/15/21,12:00:00 PM,VC,31.00,35.50,58.20,991.00,21.90,F,W,0.34,92.60
10/15/21,12:00:00 PM,VC,31.00,35.50,58.20,991.00,21.90,F,F,0.56,91.10
10/15/21,12:00:00 PM,VC,31.00,35.50,58.20,991.00,21.90,M,C,0.33,91.70
10/15/21,12:00:00 PM,VC,31.00,35.50,58.20,991.00,21.90,M,W,0.23,90.60
10/15/21,12:00:00 PM,VC,31.00,35.50,58.20,991.00,21.90,M,F,0.24,93.10
10/15/21,12:00:00 PM,VC,31.00,35.50,58.20,991.00,21.90,M,F,0.24,93.80
10/15/21,12:00:00 PM,VC,31.00,35.50,58.20,991.00,21.90,M,F,0.24,91.80
10/15/21,12:00:00 PM,VC,31.00,35.50,58.20,991.00,21.90,M,W,0.28,90.50
10/15/21,12:00:00 PM,VC,31.00,35.50,58.20,991.00,21.90,M,F,0.30,93.60
10/15/21,12:00:00 PM,VC,31.00,35.50,58.20,991.00,21.90,M,I,0.22,93.10
10/15/21,12:00:00 PM,VC,31.00,35.50,58.20,991.00,21.90,M,I,0.26,92.80
10/15/21,12:00:00 PM,VC,31.00,35.50,58.20,991.00,21.90,M,F,0.29,96.00
10/15/21,2:00:00 PM,VC,30.10,33.50,59.10,989.80,21.20,F,I,0.58,89.40
10/15/21,2:00:00 PM,VC,30.10,33.50,59.10,989.80,21.20,F,W,0.63,88.30
10/15/21,2:00:00 PM,VC,30.10,33.50,59.10,989.80,21.20,F,W,0.67,92.20
10/15/21,2:00:00 PM,VC,30.10,33.50,59.10,989.80,21.20,F,F,0.56,95.30
10/15/21,2:00:00 PM,VC,30.10,33.50,59.10,989.80,21.20,F,F,0.55,94.50
10/15/21,2:00:00 PM,VC,30.10,33.50,59.10,989.80,21.20,F,F,0.67,91.60
10/15/21,2:00:00 PM,VC,30.10,33.50,59.10,989.80,21.20,F,W,0.59,90.50
10/15/21,2:00:00 PM,VC,30.10,33.50,59.10,989.80,21.20,F,F,0.50,92.20
10/15/21,2:00:00 PM,VC,30.10,33.50,59.10,989.80,21.20,F,W,0.30,91.10
10/15/21,2:00:00 PM,VC,30.10,33.50,59.10,989.80,21.20,F,F,0.69,93.20
10/15/21,2:00:00 PM,VC,30.10,33.50,59.10,989.80,21.20,M,W,0.18,92.80
10/15/21,2:00:00 PM,VC,30.10,33.50,59.10,989.80,21.20,M,F,0.30,91.10
10/15/21,2:00:00 PM,VC,30.10,33.50,59.10,989.80,21.20,M,F,0.24,92.10
10/15/21,2:00:00 PM,VC,30.10,33.50,59.10,989.80,21.20,M,F,0.26,92.80
10/15/21,2:00:00 PM,VC,30.10,33.50,59.10,989.80,21.20,M,I,0.24,90.50
10/15/21,2:00:00 PM,VC,30.10,33.50,59.10,989.80,21.20,M,F,0.23,92.20
10/15/21,2:00:00 PM,VC,30.10,33.50,59.10,989.80,21.20,M,I,0.27,91.10
10/15/21,2:00:00 PM,VC,30.10,33.50,59.10,989.80,21.20,M,I,0.26,89.40
10/15/21,2:00:00 PM,VC,30.10,33.50,59.10,989.80,21.20,M,F,0.31,91.10
10/15/21,2:00:00 PM,VC,30.10,33.50,59.10,989.80,21.20,M,M,0.22,91.10
10/15/21,4:00:00 PM,VC,26.20,26.80,58.60,989.30,17.60,F,F,0.32,86.60
10/15/21,4:00:00 PM,VC,26.20,26.80,58.60,989.30,17.60,F,W,0.71,84.90
10/15/21,4:00:00 PM,VC,26.20,26.80,58.60,989.30,17.60,F,F,0.50,87.20
10/15/21,4:00:00 PM,VC,26.20,26.80,58.60,989.30,17.60,F,I,0.60,91.50
10/15/21,4:00:00 PM,VC,26.20,26.80,58.60,989.30,17.60,F,W,0.62,84.90
10/15/21,4:00:00 PM,VC,26.20,26.80,58.60,989.30,17.60,F,W,0.79,88.90
10/15/21,4:00:00 PM,VC,26.20,26.80,58.60,989.30,17.60,F,F,0.58,90.60
10/15/21,4:00:00 PM,VC,26.20,26.80,58.60,989.30,17.60,F,W,0.51,82.80
10/15/21,4:00:00 PM,VC,26.20,26.80,58.60,989.30,17.60,F,F,0.41,84.90
10/15/21,4:00:00 PM,VC,26.20,26.80,58.60,989.30,17.60,F,W,0.37,83.60
10/15/21,4:00:00 PM,VC,26.20,26.80,58.60,989.30,17.60,M,F,0.31,88.00
10/15/21,4:00:00 PM,VC,26.20,26.80,58.60,989.30,17.60,M,C,0.30,86.30
10/15/21,4:00:00 PM,VC,26.20,26.80,58.60,989.30,17.60,M,F,0.29,87.10
10/15/21,4:00:00 PM,VC,26.20,26.80,58.60,989.30,17.60,M,F,0.24,85.40
10/15/21,4:00:00 PM,VC,26.20,26.80,58.60,989.30,17.60,M,F,0.24,83.80
10/15/21,4:00:00 PM,VC,26.20,26.80,58.60,989.30,17.60,M,F,0.30,89.40
10/15/21,4:00:00 PM,VC,26.20,26.80,58.60,989.30,17.60,M,F,0.29,86.80
10/15/21,4:00:00 PM,VC,26.20,26.80,58.60,989.30,17.60,M,F,0.21,85.40
10/15/21,4:00:00 PM,VC,26.20,26.80,58.60,989.30,17.60,M,F,0.29,86.60
10/15/21,4:00:00 PM,VC,26.20,26.80,58.60,989.30,17.60,M,I,0.31,86.60
10/22/21,8:00:00 AM,MK,13.30,13.00,75.00,986.60,9.00,F,F,0.70,68.60
10/22/21,8:00:00 AM,MK,13.30,13.00,75.00,986.60,9.00,F,F,0.76,78.30
10/22/21,8:00:00 AM,MK,13.30,13.00,75.00,986.60,9.00,F,F,0.46,69.30
10/22/21,8:00:00 AM,MK,13.30,13.00,75.00,986.60,9.00,F,I,0.82,70.80
10/22/21,8:00:00 AM,MK,13.30,13.00,75.00,986.60,9.00,F,I,0.82,78.30
10/22/21,8:00:00 AM,MK,13.30,13.00,75.00,986.60,9.00,F,F,0.89,69.60
10/22/21,8:00:00 AM,MK,13.30,13.00,75.00,986.60,9.00,F,W,0.66,76.40
10/22/21,8:00:00 AM,MK,13.30,13.00,75.00,986.60,9.00,F,F,0.71,75.80
10/22/21,8:00:00 AM,MK,13.30,13.00,75.00,986.60,9.00,F,I,0.87,79.40
10/22/21,8:00:00 AM,MK,13.30,13.00,75.00,986.60,9.00,F,F,0.58,69.40
10/22/21,8:00:00 AM,MK,13.30,13.00,75.00,986.60,9.00,M,I,0.25,61.10
10/22/21,8:00:00 AM,MK,13.30,13.00,75.00,986.60,9.00,M,I,0.32,67.90
10/22/21,8:00:00 AM,MK,13.30,13.00,75.00,986.60,9.00,M,W,0.27,73.80
10/22/21,8:00:00 AM,MK,13.30,13.00,75.00,986.60,9.00,M,I,0.34,72.60
10/22/21,8:00:00 AM,MK,13.30,13.00,75.00,986.60,9.00,M,I,0.17,76.30
10/22/21,8:00:00 AM,MK,13.30,13.00,75.00,986.60,9.00,M,I,0.27,73.10
10/22/21,8:00:00 AM,MK,13.30,13.00,75.00,986.60,9.00,M,NA,NA,NA
10/22/21,8:00:00 AM,MK,13.30,13.00,75.00,986.60,9.00,M,NA,NA,NA
10/22/21,8:00:00 AM,MK,13.30,13.00,75.00,986.60,9.00,M,NA,NA,NA
10/22/21,8:00:00 AM,MK,13.30,13.00,75.00,986.60,9.00,M,NA,NA,NA
10/22/21,10:00:00 AM,MK,15.90,15.50,75.40,987.30,11.60,F,F,0.86,77.90
10/22/21,10:00:00 AM,MK,15.90,15.50,75.40,987.30,11.60,F,F,0.58,74.30
10/22/21,10:00:00 AM,MK,15.90,15.50,75.40,987.30,11.60,F,F,0.83,78.30
10/22/21,10:00:00 AM,MK,15.90,15.50,75.40,987.30,11.60,F,F,0.64,83.10
10/22/21,10:00:00 AM,MK,15.90,15.50,75.40,987.30,11.60,F,F,0.81,78.90
10/22/21,10:00:00 AM,MK,15.90,15.50,75.40,987.30,11.60,F,F,0.54,75.10
10/22/21,10:00:00 AM,MK,15.90,15.50,75.40,987.30,11.60,F,I,0.71,73.10
10/22/21,10:00:00 AM,MK,15.90,15.50,75.40,987.30,11.60,F,W,0.63,77.00
10/22/21,10:00:00 AM,MK,15.90,15.50,75.40,987.30,11.60,F,I,0.58,70.30
10/22/21,10:00:00 AM,MK,15.90,15.50,75.40,987.30,11.60,F,M,0.47,77.60
10/22/21,10:00:00 AM,MK,15.90,15.50,75.40,987.30,11.60,M,F,0.34,73.10
10/22/21,10:00:00 AM,MK,15.90,15.50,75.40,987.30,11.60,M,W,0.26,73.40
10/22/21,10:00:00 AM,MK,15.90,15.50,75.40,987.30,11.60,M,I,0.31,69.30
10/22/21,10:00:00 AM,MK,15.90,15.50,75.40,987.30,11.60,M,F,0.39,72.60
10/22/21,10:00:00 AM,MK,15.90,15.50,75.40,987.30,11.60,M,F,0.36,73.80
10/22/21,10:00:00 AM,MK,15.90,15.50,75.40,987.30,11.60,M,I,0.34,75.30
10/22/21,10:00:00 AM,MK,15.90,15.50,75.40,987.30,11.60,M,I,0.34,74.30
10/22/21,10:00:00 AM,MK,15.90,15.50,75.40,987.30,11.60,M,I,0.32,70.30
10/22/21,10:00:00 AM,MK,15.90,15.50,75.40,987.30,11.60,M,M,0.38,75.90
10/22/21,10:00:00 AM,MK,15.90,15.50,75.40,987.30,11.60,M,F,0.30,72.90
10/22/21,12:00:00 PM,MK,17.90,16.60,58.40,987.60,9.70,F,F,0.69,85.40
10/22/21,12:00:00 PM,MK,17.90,16.60,58.40,987.60,9.70,F,W,0.57,75.30
10/22/21,12:00:00 PM,MK,17.90,16.60,58.40,987.60,9.70,F,I,0.89,84.10
10/22/21,12:00:00 PM,MK,17.90,16.60,58.40,987.60,9.70,F,F,0.45,77.30
10/22/21,12:00:00 PM,MK,17.90,16.60,58.40,987.60,9.70,F,I,0.70,83.60
10/22/21,12:00:00 PM,MK,17.90,16.60,58.40,987.60,9.70,F,F,0.67,85.90
10/22/21,12:00:00 PM,MK,17.90,16.60,58.40,987.60,9.70,F,I,0.53,78.30
10/22/21,12:00:00 PM,MK,17.90,16.60,58.40,987.60,9.70,F,F,0.95,82.50
10/22/21,12:00:00 PM,MK,17.90,16.60,58.40,987.60,9.70,F,F,0.68,75.50
10/22/21,12:00:00 PM,MK,17.90,16.60,58.40,987.60,9.70,F,W,0.84,75.50
10/22/21,12:00:00 PM,MK,17.90,16.60,58.40,987.60,9.70,M,I,0.25,82.70
10/22/21,12:00:00 PM,MK,17.90,16.60,58.40,987.60,9.70,M,W,0.32,79.40
10/22/21,12:00:00 PM,MK,17.90,16.60,58.40,987.60,9.70,M,I,0.31,79.30
10/22/21,12:00:00 PM,MK,17.90,16.60,58.40,987.60,9.70,M,F,0.31,80.40
10/22/21,12:00:00 PM,MK,17.90,16.60,58.40,987.60,9.70,M,I,0.29,78.30
10/22/21,12:00:00 PM,MK,17.90,16.60,58.40,987.60,9.70,M,W,0.29,76.50
10/22/21,12:00:00 PM,MK,17.90,16.60,58.40,987.60,9.70,M,I,0.28,78.10
10/22/21,12:00:00 PM,MK,17.90,16.60,58.40,987.60,9.70,M,F,0.33,78.60
10/22/21,12:00:00 PM,MK,17.90,16.60,58.40,987.60,9.70,M,C,0.26,73.80
10/22/21,12:00:00 PM,MK,17.90,16.60,58.40,987.60,9.70,M,I,0.06,77.00
10/22/21,2:00:00 PM,MK,15.70,14.80,66.00,987.40,9.30,F,F,0.91,71.10
10/22/21,2:00:00 PM,MK,15.70,14.80,66.00,987.40,9.30,F,F,0.45,66.60
10/22/21,2:00:00 PM,MK,15.70,14.80,66.00,987.40,9.30,F,F,0.73,66.90
10/22/21,2:00:00 PM,MK,15.70,14.80,66.00,987.40,9.30,F,F,0.53,63.50
10/22/21,2:00:00 PM,MK,15.70,14.80,66.00,987.40,9.30,F,I,0.68,83.30
10/22/21,2:00:00 PM,MK,15.70,14.80,66.00,987.40,9.30,F,W,0.68,74.50
10/22/21,2:00:00 PM,MK,15.70,14.80,66.00,987.40,9.30,F,F,0.93,81.00
10/22/21,2:00:00 PM,MK,15.70,14.80,66.00,987.40,9.30,F,F,0.48,73.10
10/22/21,2:00:00 PM,MK,15.70,14.80,66.00,987.40,9.30,F,F,0.86,80.40
10/22/21,2:00:00 PM,MK,15.70,14.80,66.00,987.40,9.30,F,F,0.43,73.50
10/22/21,2:00:00 PM,MK,15.70,14.80,66.00,987.40,9.30,M,F,0.34,73.10
10/22/21,2:00:00 PM,MK,15.70,14.80,66.00,987.40,9.30,M,F,0.27,63.70
10/22/21,2:00:00 PM,MK,15.70,14.80,66.00,987.40,9.30,M,I,0.28,66.30
10/22/21,2:00:00 PM,MK,15.70,14.80,66.00,987.40,9.30,M,I,0.34,66.40
10/22/21,2:00:00 PM,MK,15.70,14.80,66.00,987.40,9.30,M,F,0.31,70.30
10/22/21,2:00:00 PM,MK,15.70,14.80,66.00,987.40,9.30,M,I,0.32,72.10
10/22/21,2:00:00 PM,MK,15.70,14.80,66.00,987.40,9.30,M,W,0.28,71.10
10/22/21,2:00:00 PM,MK,15.70,14.80,66.00,987.40,9.30,M,F,0.31,68.00
10/22/21,2:00:00 PM,MK,15.70,14.80,66.00,987.40,9.30,M,F,0.31,75.80
10/22/21,2:00:00 PM,MK,15.70,14.80,66.00,987.40,9.30,M,F,0.33,78.30
10/22/21,4:00:00 PM,MK,16.20,15.30,68.70,987.60,10.40,F,F,0.50,71.80
10/22/21,4:00:00 PM,MK,16.20,15.30,68.70,987.60,10.40,F,F,0.79,83.80
10/22/21,4:00:00 PM,MK,16.20,15.30,68.70,987.60,10.40,F,F,1.05,73.60
10/22/21,4:00:00 PM,MK,16.20,15.30,68.70,987.60,10.40,F,F,0.89,77.00
10/22/21,4:00:00 PM,MK,16.20,15.30,68.70,987.60,10.40,F,F,0.53,73.80
10/22/21,4:00:00 PM,MK,16.20,15.30,68.70,987.60,10.40,F,F,0.47,62.40
10/22/21,4:00:00 PM,MK,16.20,15.30,68.70,987.60,10.40,F,I,0.55,72.10
10/22/21,4:00:00 PM,MK,16.20,15.30,68.70,987.60,10.40,F,I,0.82,74.50
10/22/21,4:00:00 PM,MK,16.20,15.30,68.70,987.60,10.40,F,F,0.52,74.60
10/22/21,4:00:00 PM,MK,16.20,15.30,68.70,987.60,10.40,F,I,0.59,72.40
10/22/21,4:00:00 PM,MK,16.20,15.30,68.70,987.60,10.40,M,I,0.34,76.40
10/22/21,4:00:00 PM,MK,16.20,15.30,68.70,987.60,10.40,M,W,0.33,68.20
10/22/21,4:00:00 PM,MK,16.20,15.30,68.70,987.60,10.40,M,F,0.31,73.30
10/22/21,4:00:00 PM,MK,16.20,15.30,68.70,987.60,10.40,M,F,0.31,70.00
10/22/21,4:00:00 PM,MK,16.20,15.30,68.70,987.60,10.40,M,F,0.29,70.60
10/22/21,4:00:00 PM,MK,16.20,15.30,68.70,987.60,10.40,M,F,0.30,68.10
10/22/21,4:00:00 PM,MK,16.20,15.30,68.70,987.60,10.40,M,F,0.36,74.80
10/22/21,4:00:00 PM,MK,16.20,15.30,68.70,987.60,10.40,M,F,0.29,66.30
10/22/21,4:00:00 PM,MK,16.20,15.30,68.70,987.60,10.40,M,F,0.34,70.80
10/22/21,4:00:00 PM,MK,16.20,15.30,68.70,987.60,10.40,M,F,0.35,70.60
10/29/21,8:00:00 AM,MK,11.50,10.80,65.50,985.30,5.20,F,I,0.54,57.90
10/29/21,8:00:00 AM,MK,11.50,10.80,65.50,985.30,5.20,F,F,0.68,51.80
10/29/21,8:00:00 AM,MK,11.50,10.80,65.50,985.30,5.20,F,F,0.65,55.40
10/29/21,8:00:00 AM,MK,11.50,10.80,65.50,985.30,5.20,F,F,0.87,57.80
10/29/21,8:00:00 AM,MK,11.50,10.80,65.50,985.30,5.20,F,F,0.59,54.60
10/29/21,8:00:00 AM,MK,11.50,10.80,65.50,985.30,5.20,F,F,0.57,53.80
10/29/21,8:00:00 AM,MK,11.50,10.80,65.50,985.30,5.20,F,F,0.51,53.40
10/29/21,8:00:00 AM,MK,11.50,10.80,65.50,985.30,5.20,F,F,0.57,54.60
10/29/21,8:00:00 AM,MK,11.50,10.80,65.50,985.30,5.20,F,F,0.52,53.40
10/29/21,8:00:00 AM,MK,11.50,10.80,65.50,985.30,5.20,F,F,1.12,55.10
10/29/21,8:00:00 AM,MK,11.50,10.80,65.50,985.30,5.20,M,I,0.32,53.40
10/29/21,8:00:00 AM,MK,11.50,10.80,65.50,985.30,5.20,M,F,0.37,57.80
10/29/21,8:00:00 AM,MK,11.50,10.80,65.50,985.30,5.20,M,F,0.39,58.40
10/29/21,8:00:00 AM,MK,11.50,10.80,65.50,985.30,5.20,M,I,0.37,59.80
10/29/21,8:00:00 AM,MK,11.50,10.80,65.50,985.30,5.20,M,F,0.35,59.80
10/29/21,8:00:00 AM,MK,11.50,10.80,65.50,985.30,5.20,M,NA,NA,NA
10/29/21,8:00:00 AM,MK,11.50,10.80,65.50,985.30,5.20,M,NA,NA,NA
10/29/21,8:00:00 AM,MK,11.50,10.80,65.50,985.30,5.20,M,NA,NA,NA
10/29/21,8:00:00 AM,MK,11.50,10.80,65.50,985.30,5.20,M,NA,NA,NA
10/29/21,8:00:00 AM,MK,11.50,10.80,65.50,985.30,5.20,M,NA,NA,NA
10/29/21,10:00:00 AM,MK,13.00,12.60,77.60,983.50,9.20,F,F,0.59,58.80
10/29/21,10:00:00 AM,MK,13.00,12.60,77.60,983.50,9.20,F,F,0.51,64.50
10/29/21,10:00:00 AM,MK,13.00,12.60,77.60,983.50,9.20,F,F,0.47,65.80
10/29/21,10:00:00 AM,MK,13.00,12.60,77.60,983.50,9.20,F,F,0.60,67.90
10/29/21,10:00:00 AM,MK,13.00,12.60,77.60,983.50,9.20,F,F,0.61,62.70
10/29/21,10:00:00 AM,MK,13.00,12.60,77.60,983.50,9.20,F,F,0.84,69.30
10/29/21,10:00:00 AM,MK,13.00,12.60,77.60,983.50,9.20,F,W,0.54,60.30
10/29/21,10:00:00 AM,MK,13.00,12.60,77.60,983.50,9.20,F,F,0.45,62.80
10/29/21,10:00:00 AM,MK,13.00,12.60,77.60,983.50,9.20,F,F,0.59,60.30
10/29/21,10:00:00 AM,MK,13.00,12.60,77.60,983.50,9.20,F,F,0.48,59.30
10/29/21,10:00:00 AM,MK,13.00,12.60,77.60,983.50,9.20,M,F,0.41,68.90
10/29/21,10:00:00 AM,MK,13.00,12.60,77.60,983.50,9.20,M,F,0.39,67.80
10/29/21,10:00:00 AM,MK,13.00,12.60,77.60,983.50,9.20,M,W,0.36,62.40
10/29/21,10:00:00 AM,MK,13.00,12.60,77.60,983.50,9.20,M,F,0.38,63.40
10/29/21,10:00:00 AM,MK,13.00,12.60,77.60,983.50,9.20,M,F,0.36,60.60
10/29/21,10:00:00 AM,MK,13.00,12.60,77.60,983.50,9.20,M,F,0.34,62.60
10/29/21,10:00:00 AM,MK,13.00,12.60,77.60,983.50,9.20,M,NA,NA,NA
10/29/21,10:00:00 AM,MK,13.00,12.60,77.60,983.50,9.20,M,NA,NA,NA
10/29/21,10:00:00 AM,MK,13.00,12.60,77.60,983.50,9.20,M,NA,NA,NA
10/29/21,10:00:00 AM,MK,13.00,12.60,77.60,983.50,9.20,M,NA,NA,NA
10/29/21,12:00:00 PM,MK,13.30,13.00,77.10,982.20,9.40,F,F,1.06,61.30
10/29/21,12:00:00 PM,MK,13.30,13.00,77.10,982.20,9.40,F,F,0.67,61.30
10/29/21,12:00:00 PM,MK,13.30,13.00,77.10,982.20,9.40,F,F,0.64,58.30
10/29/21,12:00:00 PM,MK,13.30,13.00,77.10,982.20,9.40,F,F,0.44,63.30
10/29/21,12:00:00 PM,MK,13.30,13.00,77.10,982.20,9.40,F,W,0.54,57.80
10/29/21,12:00:00 PM,MK,13.30,13.00,77.10,982.20,9.40,F,F,0.51,62.40
10/29/21,12:00:00 PM,MK,13.30,13.00,77.10,982.20,9.40,F,F,0.40,68.60
10/29/21,12:00:00 PM,MK,13.30,13.00,77.10,982.20,9.40,F,F,0.48,57.80
10/29/21,12:00:00 PM,MK,13.30,13.00,77.10,982.20,9.40,F,F,0.52,58.20
10/29/21,12:00:00 PM,MK,13.30,13.00,77.10,982.20,9.40,F,I,0.85,63.90
10/29/21,12:00:00 PM,MK,13.30,13.00,77.10,982.20,9.40,M,W,0.36,64.70
10/29/21,12:00:00 PM,MK,13.30,13.00,77.10,982.20,9.40,M,I,0.25,62.90
10/29/21,12:00:00 PM,MK,13.30,13.00,77.10,982.20,9.40,M,W,0.36,67.90
10/29/21,12:00:00 PM,MK,13.30,13.00,77.10,982.20,9.40,M,I,0.38,62.40
10/29/21,12:00:00 PM,MK,13.30,13.00,77.10,982.20,9.40,M,I,0.36,65.20
10/29/21,12:00:00 PM,MK,13.30,13.00,77.10,982.20,9.40,M,F,0.38,62.40
10/29/21,12:00:00 PM,MK,13.30,13.00,77.10,982.20,9.40,M,F,0.33,60.70
10/29/21,12:00:00 PM,MK,13.30,13.00,77.10,982.20,9.40,M,F,0.32,59.60
10/29/21,12:00:00 PM,MK,13.30,13.00,77.10,982.20,9.40,M,NA,NA,NA
10/29/21,12:00:00 PM,MK,13.30,13.00,77.10,982.20,9.40,M,NA,NA,NA
10/29/21,2:00:00 PM,MK,12.20,12.20,84.90,980.10,9.80,F,F,0.51,57.90
10/29/21,2:00:00 PM,MK,12.20,12.20,84.90,980.10,9.80,F,F,1.16,64.50
10/29/21,2:00:00 PM,MK,12.20,12.20,84.90,980.10,9.80,F,F,0.72,56.20
10/29/21,2:00:00 PM,MK,12.20,12.20,84.90,980.10,9.80,F,F,0.51,57.10
10/29/21,2:00:00 PM,MK,12.20,12.20,84.90,980.10,9.80,F,F,0.54,58.60
10/29/21,2:00:00 PM,MK,12.20,12.20,84.90,980.10,9.80,F,F,0.54,62.30
10/29/21,2:00:00 PM,MK,12.20,12.20,84.90,980.10,9.80,F,W,0.68,61.70
10/29/21,2:00:00 PM,MK,12.20,12.20,84.90,980.10,9.80,F,F,0.92,65.90
10/29/21,2:00:00 PM,MK,12.20,12.20,84.90,980.10,9.80,F,I,0.59,63.70
10/29/21,2:00:00 PM,MK,12.20,12.20,84.90,980.10,9.80,F,F,0.52,69.80
10/29/21,2:00:00 PM,MK,12.20,12.20,84.90,980.10,9.80,M,F,0.49,70.00
10/29/21,2:00:00 PM,MK,12.20,12.20,84.90,980.10,9.80,M,I,0.41,58.30
10/29/21,2:00:00 PM,MK,12.20,12.20,84.90,980.10,9.80,M,F,0.45,60.60
10/29/21,2:00:00 PM,MK,12.20,12.20,84.90,980.10,9.80,M,F,0.48,66.40
10/29/21,2:00:00 PM,MK,12.20,12.20,84.90,980.10,9.80,M,W,0.34,57.80
10/29/21,2:00:00 PM,MK,12.20,12.20,84.90,980.10,9.80,M,F,0.40,65.80
10/29/21,2:00:00 PM,MK,12.20,12.20,84.90,980.10,9.80,M,I,0.32,65.80
10/29/21,2:00:00 PM,MK,12.20,12.20,84.90,980.10,9.80,M,F,0.32,59.90
10/29/21,2:00:00 PM,MK,12.20,12.20,84.90,980.10,9.80,M,F,0.34,62.50
10/29/21,2:00:00 PM,MK,12.20,12.20,84.90,980.10,9.80,M,NA,NA,NA
10/29/21,4:00:00 PM,MK,12.80,12.70,83.50,978.50,10.10,F,F,0.58,57.10
10/29/21,4:00:00 PM,MK,12.80,12.70,83.50,978.50,10.10,F,F,0.60,62.30
10/29/21,4:00:00 PM,MK,12.80,12.70,83.50,978.50,10.10,F,F,0.45,55.50
10/29/21,4:00:00 PM,MK,12.80,12.70,83.50,978.50,10.10,F,F,0.63,54.90
10/29/21,4:00:00 PM,MK,12.80,12.70,83.50,978.50,10.10,F,F,0.52,65.30
10/29/21,4:00:00 PM,MK,12.80,12.70,83.50,978.50,10.10,F,F,0.58,54.10
10/29/21,4:00:00 PM,MK,12.80,12.70,83.50,978.50,10.10,F,F,0.45,62.90
10/29/21,4:00:00 PM,MK,12.80,12.70,83.50,978.50,10.10,F,F,0.43,54.50
10/29/21,4:00:00 PM,MK,12.80,12.70,83.50,978.50,10.10,F,F,0.54,63.50
10/29/21,4:00:00 PM,MK,12.80,12.70,83.50,978.50,10.10,F,F,0.67,56.10
10/29/21,4:00:00 PM,MK,12.80,12.70,83.50,978.50,10.10,M,F,0.33,55.90
10/29/21,4:00:00 PM,MK,12.80,12.70,83.50,978.50,10.10,M,F,0.36,56.20
10/29/21,4:00:00 PM,MK,12.80,12.70,83.50,978.50,10.10,M,F,0.38,68.60
10/29/21,4:00:00 PM,MK,12.80,12.70,83.50,978.50,10.10,M,F,0.33,67.10
10/29/21,4:00:00 PM,MK,12.80,12.70,83.50,978.50,10.10,M,F,0.31,58.30
10/29/21,4:00:00 PM,MK,12.80,12.70,83.50,978.50,10.10,M,F,0.39,57.30
10/29/21,4:00:00 PM,MK,12.80,12.70,83.50,978.50,10.10,M,F,0.33,62.10
10/29/21,4:00:00 PM,MK,12.80,12.70,83.50,978.50,10.10,M,F,0.30,59.10
10/29/21,4:00:00 PM,MK,12.80,12.70,83.50,978.50,10.10,M,F,0.33,54.00
10/29/21,4:00:00 PM,MK,12.80,12.70,83.50,978.50,10.10,M,NA,NA,NA