,,,,,,,,,,,Topton 2022 Egg Hatch Sampling.  ,,,,,,,,
,,,,,,,,,,,,,,,,,,,
Sample_Round,Tree,Eggmass,Sub_Eggmass,Branch_Direction,Field_Egg_Numbers,Pic_Egg_Numbers,Hatchable_Eggs,Ground_Height,Incline_Angle,Deposition_Week,Date,Open_Eggs_Unhatched_Start,Decrease_Eggs_Present_Last_Count,Total_Number_Hatched_Field,Total_Number_Good_Remaining,Total_Number_Hatched_Pics,Total_Hatched,Percent_Eggs_Hatched,Cumlative_GDD
1,705,A,1,57,31,NA,NA,79,169.2,10/12/21,05/16/22,0,0,0,31,NA,NA,NA,220
1,705,B,1,137,2,NA,NA,70,157.4,10/25/21,05/16/22,NA,NA,0,NA,NA,NA,NA,163
1,705,C,1,207,39,NA,NA,75,146.2,10/25/21,05/16/22,NA,NA,0,NA,NA,NA,NA,163
1,705,D,1,305,3,NA,NA,38.5,110.9,10/12/21,05/16/22,NA,NA,0,NA,NA,NA,NA,220
1,706,A,1,332,11,NA,NA,69,155.3,10/5/21,05/16/22,NA,0,0,NA,NA,NA,NA,266
1,706,B,1,332,39,NA,NA,86,150.9,11/3/21,05/16/22,NA,NA,0,NA,NA,NA,NA,147
1,706,C,1,43,24,NA,NA,88.5,151.1,10/5/21,05/16/22,0,NA,0,NA,NA,NA,NA,266
1,708,A,1,154,26,NA,NA,81,154.8,11/3/21,05/16/22,0,NA,0,NA,NA,NA,NA,147
1,708,B,1,154,39,NA,NA,82.5,162.6,10/12/21,05/16/22,NA,NA,0,NA,NA,NA,NA,220
1,708,C,1,154,0,NA,NA,85,160.6,10/5/21,05/16/22,NA,NA,0,0,0,0,NA,266
1,708,D,1,154,26,26,26,86,159.7,10/12/21,05/16/22,0,NA,0,NA,NA,NA,NA,220
1,708,E,1,154,23,25,24,90,151.3,10/25/21,05/16/22,1,0,0,24,0,0,0.0%,163
1,708,E,2,154,16,16,16,90,151.3,10/25/21,05/16/22,0,0,0,16,0,0,0.0%,163
1,715,A,1,6,29,22,22,58,142.2,10/12/21,05/16/22,0,0,0,22,0,21,95.5%,220
1,715,B,1,20,36,34,32,72,150.7,10/5/21,05/16/22,2,NA,1,NA,0,0,0.0%,266
1,715,C,1,283,36,29,23,76,124,10/12/21,05/16/22,6,NA,4,23,0,0,0.0%,220
1,716,A,1,342,16,13,22,74.5,164.8,10/5/21,05/16/22,0,0,0,13,0,0,0.0%,266
1,716,B,1,22,16,16,22,82,145.6,10/5/21,05/16/22,0,0,0,16,0,0,0.0%,266
1,716,C,1,176,33,32,22,67,137.1,10/5/21,05/16/22,0,0,0,32,0,0,0.0%,266
1,716,D,1,265,36,34,22,73.5,126,10/12/21,05/16/22,2,0,1,32,0,0,0.0%,220
1,716,E,1,187,13,15,22,82.5,171.3,10/5/21,05/16/22,0,0,0,15,0,0,0.0%,266
1,716,F,1,187,34,31,31,83.5,178,10/5/21,05/16/22,0,0,6,31,0,0,0.0%,266
1,716,G,1,187,29,29,24,83.5,178,10/25/21,05/16/22,5,0,5,24,0,0,0.0%,163
1,716,H,1,187,27,25,22,83.5,178,10/5/21,05/16/22,1,0,6,25,0,0,0.0%,266
1,717,A,1,314,27,28,28,62.5,140.1,10/5/21,05/16/22,28,0,0,28,0,0,0.0%,266
1,717,B,1,161,11,11,11,64.5,147.8,10/12/21,05/16/22,0,0,0,11,0,0,0.0%,220
1,717,C,1,148,43,31,29,68.5,152.9,10/5/21,05/16/22,2,0,2,29,0,0,0.0%,266
1,717,D,1,124,22,22,22,69.5,140.8,10/12/21,05/16/22,22,0,0,22,0,0,0.0%,220
1,717,E,1,165,49,34,34,71,139.9,10/12/21,05/16/22,0,0,0,34,0,0,0.0%,220
1,717,E,2,165,49,19,19,71,139.9,10/12/21,05/16/22,0,0,0,1,0,0,0.0%,220
1,717,F,1,152,10,10,9,72.5,133.3,10/25/21,05/16/22,1,0,1,9,0,0,0.0%,163
1,717,G,1,85,30,30,30,83.5,133.7,10/5/21,05/16/22,0,0,0,30,0,0,0.0%,266
1,717,H,1,228,26,26,26,74.6,145.1,10/25/21,05/16/22,0,0,0,26,0,0,0.0%,163
1,717,I,1,228,23,23,23,73,145.1,11/3/21,05/16/22,0,0,0,23,0,0,0.0%,147
1,717,J,1,228,41,41,41,74,145.1,10/25/21,05/16/22,0,0,0,41,0,0,0.0%,163
1,717,K,1,278,39,40,40,84.5,167.6,10/12/21,05/16/22,0,0,0,40,0,0,0.0%,220
1,718,A,1,311,34,34,33,80,136.7,10/5/21,05/16/22,1,0,0,34,0,0,0.0%,266
1,718,B,1,311,37,37,37,85,149.7,10/25/21,05/16/22,0,0,0,37,0,0,0.0%,163
1,718,C,1,311,38,30,30,81,152.3,10/12/21,05/16/22,0,0,0,0,0,0,0.0%,220
1,718,D,1,311,32,30,30,93.5,153,10/25/21,05/16/22,0,0,0,30,0,0,0.0%,163
1,718,E,1,15,40,39,39,62.5,143.8,10/12/21,05/16/22,0,0,0,39,0,0,0.0%,220
1,718,F,1,15,42,41,41,64.5,146.1,10/12/21,05/16/22,0,0,0,41,0,0,0.0%,220
1,718,G,1,43,32,32,32,69.5,152.7,10/25/21,05/16/22,0,0,0,32,0,0,0.0%,163
1,718,H,1,43,35,36,36,70,152.7,10/25/21,05/16/22,0,0,0,36,0,0,0.0%,163
1,718,I,1,43,39,38,38,70,152.7,10/25/21,05/16/22,0,0,0,38,0,0,0.0%,163
1,718,J,1,43,29,21,21,71,152.7,10/25/21,05/16/22,21,0,3,21,0,0,0.0%,163
1,718,K,1,54,24,25,25,72,146.2,10/5/21,05/16/22,0,0,0,25,0,0,0.0%,266
1,718,L,1,54,28,29,29,72,146.2,10/5/21,05/16/22,0,0,0,29,0,0,0.0%,266
1,718,M,1,68,29,28,28,79,153.4,10/12/21,05/16/22,0,0,0,28,0,0,0.0%,220
1,718,N,1,110,16,16,16,69.5,161.2,10/5/21,05/16/22,0,0,0,16,0,0,0.0%,266
1,718,O,1,110,32,32,32,70,161.2,10/5/21,05/16/22,0,0,0,32,0,0,0.0%,266
1,718,P,1,64,19,19,19,77.5,150.4,10/25/21,05/16/22,0,0,0,0,0,0,0.0%,163
1,718,Q,1,64,12,12,12,78,150.4,10/25/21,05/16/22,0,0,0,12,0,0,0.0%,163
1,718,R,1,24,33,32,32,83,162.1,10/12/21,05/16/22,0,0,0,32,0,0,0.0%,220
1,718,S,1,24,40,35,35,83.5,169.8,10/25/21,05/16/22,35,0,0,35,0,0,0.0%,163
1,718,S,2,24,31,29,29,83.5,169.8,10/25/21,05/16/22,0,0,0,29,0,0,0.0%,163
1,718,S,3,24,42,36,36,83.5,169.8,10/25/21,05/16/22,0,0,0,36,0,0,0.0%,163
1,718,T,1,264,35,35,35,70.5,142.9,10/5/21,05/16/22,0,0,0,35,0,0,0.0%,266
1,718,U,1,264,21,20,17,71.5,149.1,10/25/21,05/16/22,3,0,3,18,0,0,0.0%,163
1,718,V,1,287,43,48,48,77,140.4,10/25/21,05/16/22,0,0,0,48,0,0,0.0%,163
1,727,A,1,152,8,8,8,79.5,165.5,10/25/21,05/16/22,0,0,0,8,0,7,87.5%,163
1,727,B,1,152,22,22,22,80.5,165.5,10/25/21,05/16/22,0,0,0,22,0,0,0.0%,163
1,727,C,1,283,3,3,3,80,121.3,11/3/21,05/16/22,0,0,0,3,0,0,0.0%,147
1,727,D,1,299,36,35,35,60,145.4,10/25/21,05/16/22,0,0,0,35,0,0,0.0%,163
1,727,E,1,299,10,10,10,71.5,141.5,10/12/21,05/16/22,0,0,0,10,0,0,0.0%,220
1,727,F,1,299,27,24,24,80.5,158.1,10/5/21,05/16/22,0,0,0,24,0,0,0.0%,266
1,727,G,1,299,23,22,22,83.5,127.9,10/5/21,05/16/22,0,0,0,22,0,0,0.0%,266
1,727,H,1,295,26,27,27,84,140.3,10/5/21,05/16/22,0,0,0,27,0,0,0.0%,266
1,727,I,1,295,28,30,30,87.5,139.4,10/5/21,05/16/22,0,0,0,0,0,0,0.0%,266
1,727,J,1,295,24,24,24,88,168,10/5/21,05/16/22,0,0,0,24,0,0,0.0%,266
1,727,K,1,295,32,31,31,88,168,10/5/21,05/16/22,0,0,0,NA,NA,NA,NA,266
1,737,A,1,16,22,NA,NA,81.5,142,10/5/21,05/16/22,NA,NA,0,NA,NA,NA,NA,266
1,737,B,1,16,31,NA,NA,82.5,142,10/5/21,05/16/22,NA,NA,0,NA,NA,NA,NA,266
1,737,C,1,220,32,NA,NA,69,164.4,10/12/21,05/16/22,NA,NA,0,NA,NA,NA,NA,220
1,738,A,1,300,36,NA,NA,66.5,151.9,10/5/21,05/16/22,NA,NA,0,NA,NA,NA,NA,266
1,738,B,1,300,29,29,29,83.5,140.7,10/12/21,05/16/22,0,0,0,29,NA,NA,NA,220
1,738,C,1,153,32,NA,NA,64.5,155,10/5/21,05/16/22,NA,NA,0,NA,NA,NA,NA,266
1,738,D,1,153,32,31,NA,70.5,150.2,11/3/21,05/16/22,NA,NA,8,31,8,8,25.8%,147
1,738,E,1,153,34,NA,NA,75,136.5,10/5/21,05/16/22,NA,NA,0,NA,NA,NA,NA,266
1,738,F,1,153,58,35,35,78.5,145.3,10/5/21,05/16/22,0,0,0,35,0,0,0.0%,266
1,738,F,2,153,58,23,23,78.5,145.3,10/5/21,05/16/22,0,0,0,23,0,0,0.0%,266
1,738,G,1,153,32,NA,NA,79,145.3,10/5/21,05/16/22,NA,NA,0,NA,NA,NA,NA,266
1,738,H,1,153,36,36,36,80,136.5,10/25/21,05/16/22,36,0,0,36,NA,NA,NA,163
1,738,I,1,257,35,NA,NA,76.5,150.5,10/25/21,05/16/22,NA,NA,0,NA,NA,NA,NA,163
1,738,J,1,257,26,26,26,79.5,151.9,10/5/21,05/16/22,26,0,0,NA,NA,0,0.0%,266
1,738,K,1,257,30,NA,30,79.5,151.9,10/5/21,05/16/22,0,0,0,30,NA,NA,NA,266
1,738,L,1,257,28,NA,NA,84,148.4,10/25/21,05/16/22,NA,NA,0,NA,NA,NA,NA,163
1,738,M,1,257,35,NA,NA,85,164.7,10/12/21,05/16/22,NA,NA,0,NA,NA,NA,NA,220
1,738,N,1,257,34,34,33,85,164.7,10/12/21,05/16/22,1,0,1,33,0,0,0.0%,220
1,738,N,2,257,25,25,25,85,164.7,10/12/21,05/16/22,0,0,0,25,0,0,0.0%,220
1,740,A,1,313,0,0,0,73,137.2,10/12/21,05/16/22,0,0,0,NA,0,0,NA,220
1,740,B,1,36,56,35,35,89.5,175.6,10/5/21,05/16/22,35,0,0,35,0,0,0.0%,266
1,740,B,2,36,56,20,20,89.5,175.6,10/5/21,05/16/22,0,0,0,20,0,0,0.0%,266
1,740,C,1,134,5,5,5,59.5,137.7,10/25/21,05/16/22,0,0,0,5,0,0,0.0%,163
1,740,D,1,134,29,29,29,60,135.9,10/25/21,05/16/22,0,0,0,29,0,0,0.0%,163
1,740,E,1,134,14,14,14,63.5,142.8,11/3/21,05/16/22,0,0,0,14,0,0,0.0%,147
1,740,F,1,134,6,6,6,77,132.1,10/12/21,05/16/22,0,0,0,6,0,0,0.0%,220
1,740,G,1,134,28,25,25,79.5,143.8,10/12/21,05/16/22,NA,NA,0,25,NA,NA,NA,220
2,705,A,1,57,31,30,30,79,169.2,10/12/21,05/18/22,0,0,0,31,0,0,0.0%,232
2,705,B,1,137,2,2,2,70,157.4,10/25/21,05/18/22,0,0,0,2,0,0,0.0%,175
2,705,C,1,207,39,39,39,75,146.2,10/25/21,05/18/22,0,0,0,39,0,0,0.0%,175
2,705,D,1,305,3,3,3,38.5,110.9,10/12/21,05/18/22,0,0,0,3,0,0,0.0%,232
2,706,A,1,332,11,12,12,69,155.3,10/5/21,05/18/22,0,0,0,12,0,0,0.0%,278
2,706,B,1,332,39,39,39,86,150.9,11/3/21,05/18/22,0,0,0,39,0,0,0.0%,159
2,706,C,1,43,24,24,24,88.5,151.1,10/5/21,05/18/22,0,0,0,24,0,0,0.0%,278
2,708,A,1,154,26,26,26,81,154.8,11/3/21,05/18/22,0,0,0,26,0,0,0.0%,159
2,708,B,1,154,39,39,39,82.5,162.6,10/12/21,05/18/22,0,0,0,39,0,0,0.0%,232
2,708,C,1,154,0,0,0,85,160.6,10/5/21,05/18/22,0,0,0,0,0,0,0.0%,278
2,708,D,1,154,26,26,26,86,159.7,10/12/21,05/18/22,0,0,20,26,20,20,76.9%,232
2,708,E,1,154,23,25,24,90,151.3,10/25/21,05/18/22,1,0,0,24,0,0,0.0%,175
2,708,E,2,154,16,16,16,90,151.3,10/25/21,05/18/22,0,0,0,16,0,0,0.0%,175
2,715,A,1,6,29,22,22,58,142.2,10/12/21,05/18/22,0,0,1,22,0,21,95.5%,232
2,715,B,1,20,36,34,32,72,150.7,10/5/21,05/18/22,2,0,2,NA,0,0,0.0%,278
2,715,C,1,283,36,29,23,76,124,10/12/21,05/18/22,6,NA,27,23,22,22,75.9%,232
2,716,A,1,342,14,13,13,74.5,164.8,10/5/21,05/18/22,0,0,0,13,0,0,0.0%,278
2,716,B,1,22,16,16,16,82,145.6,10/5/21,05/18/22,0,0,0,16,0,0,0.0%,278
2,716,C,1,176,33,32,32,67,137.1,10/5/21,05/18/22,0,0,0,32,0,0,0.0%,278
2,716,D,1,265,36,34,32,73.5,126,10/12/21,05/18/22,2,0,2,32,0,0,0.0%,232
2,716,E,1,187,13,15,22,82.5,171.3,10/5/21,05/18/22,0,0,0,15,0,0,0.0%,278
2,716,F,1,187,34,31,31,83.5,178,10/5/21,05/18/22,0,0,2,31,0,0,0.0%,278
2,716,G,1,187,29,29,24,83.5,178,10/25/21,05/18/22,5,0,5,24,0,0,0.0%,175
2,716,H,1,187,27,25,22,83.5,178,10/5/21,05/18/22,1,2,0,23,0,0,0.0%,278
2,717,A,1,314,27,28,28,62.5,140.1,10/5/21,05/18/22,28,0,0,28,0,0,0.0%,278
2,717,B,1,161,11,11,11,64.5,147.8,10/12/21,05/18/22,0,0,0,11,0,0,0.0%,232
2,717,C,1,148,43,31,29,68.5,152.9,10/5/21,05/18/22,2,0,0,29,0,0,0.0%,278
2,717,D,1,124,22,22,22,69.5,140.8,10/12/21,05/18/22,22,0,0,22,0,0,0.0%,232
2,717,E,1,165,49,34,34,71,139.9,10/12/21,05/18/22,0,0,0,34,0,0,0.0%,232
2,717,E,2,165,49,19,19,71,139.9,10/12/21,05/18/22,0,0,0,19,0,0,0.0%,232
2,717,F,1,152,10,10,9,72.5,133.3,10/25/21,05/18/22,1,0,1,9,0,0,0.0%,175
2,717,G,1,85,30,30,30,83.5,133.7,10/5/21,05/18/22,0,0,0,30,0,0,0.0%,278
2,717,H,1,228,26,26,26,74.6,145.1,10/25/21,05/18/22,0,0,0,26,0,0,0.0%,175
2,717,I,1,228,23,23,23,73,145.1,11/3/21,05/18/22,0,0,0,23,0,0,0.0%,159
2,717,J,1,228,41,41,41,74,145.1,10/25/21,05/18/22,0,0,0,41,0,0,0.0%,175
2,717,K,1,278,39,40,40,84.5,167.6,10/12/21,05/18/22,0,0,0,40,0,0,0.0%,232
2,718,A,1,311,34,34,33,80,136.7,10/5/21,05/18/22,1,0,0,34,0,0,0.0%,278
2,718,B,1,311,37,37,37,85,149.7,10/25/21,05/18/22,0,0,0,37,0,0,0.0%,175
2,718,C,1,311,38,30,30,81,152.3,10/12/21,05/18/22,0,0,0,0,0,0,0.0%,232
2,718,D,1,311,32,30,30,93.5,153,10/25/21,05/18/22,0,0,0,30,0,0,0.0%,175
2,718,E,1,15,40,39,39,62.5,143.8,10/12/21,05/18/22,0,0,0,39,0,0,0.0%,232
2,718,F,1,15,42,41,41,64.5,146.1,10/12/21,05/18/22,0,0,0,41,0,0,0.0%,232
2,718,G,1,43,32,32,32,69.5,152.7,10/25/21,05/18/22,0,0,0,32,0,0,0.0%,175
2,718,H,1,43,35,36,36,70,152.7,10/25/21,05/18/22,0,0,0,36,0,0,0.0%,175
2,718,I,1,43,39,38,38,70,152.7,10/25/21,05/18/22,0,0,0,38,0,0,0.0%,175
2,718,J,1,43,31,21,21,71,152.7,10/25/21,05/18/22,21,0,4,21,0,0,0.0%,175
2,718,K,1,54,24,25,25,72,146.2,10/5/21,05/18/22,0,0,0,25,0,0,0.0%,278
2,718,L,1,54,28,29,29,72,146.2,10/5/21,05/18/22,0,0,0,29,0,0,0.0%,278
2,718,M,1,68,29,28,28,79,153.4,10/12/21,05/18/22,0,0,0,28,0,0,0.0%,232
2,718,N,1,110,16,16,16,69.5,161.2,10/5/21,05/18/22,0,0,0,16,0,0,0.0%,278
2,718,O,1,110,32,32,32,70,161.2,10/5/21,05/18/22,0,0,0,32,0,0,0.0%,278
2,718,P,1,64,19,19,19,77.5,150.4,10/25/21,05/18/22,0,0,0,0,0,0,0.0%,175
2,718,Q,1,64,12,12,12,78,150.4,10/25/21,05/18/22,0,0,0,12,0,0,0.0%,175
2,718,R,1,24,33,32,32,83,162.1,10/12/21,05/18/22,0,0,0,32,0,0,0.0%,232
2,718,S,1,24,40,35,35,83.5,169.8,10/25/21,05/16/22,35,0,0,35,0,0,0.0%,163
2,718,S,2,24,31,29,29,83.5,169.8,10/25/21,05/16/22,0,0,0,29,0,0,0.0%,163
2,718,S,3,24,42,36,36,83.5,169.8,10/25/21,05/16/22,0,0,0,36,0,0,0.0%,163
2,718,T,1,264,35,35,35,70.5,142.9,10/5/21,05/18/22,0,0,0,35,0,0,0.0%,278
2,718,U,1,264,22,20,17,71.5,149.1,10/25/21,05/18/22,3,0,1,18,0,0,0.0%,175
2,718,V,1,287,43,48,48,77,140.4,10/25/21,05/18/22,0,0,0,48,0,0,0.0%,175
2,727,A,1,152,8,8,8,79.5,165.5,10/25/21,05/18/22,0,0,0,8,0,7,87.5%,175
2,727,B,1,152,22,22,22,80.5,165.5,10/25/21,05/18/22,0,0,0,22,0,0,0.0%,175
2,727,C,1,283,3,3,3,80,121.3,11/3/21,05/18/22,0,0,0,3,0,0,0.0%,159
2,727,D,1,299,36,35,35,60,145.4,10/25/21,05/18/22,0,0,0,35,0,0,0.0%,175
2,727,E,1,299,10,10,10,71.5,141.5,10/12/21,05/18/22,0,0,0,10,0,0,0.0%,232
2,727,F,1,299,27,24,24,80.5,158.1,10/5/21,05/18/22,0,0,0,24,0,0,0.0%,278
2,727,G,1,299,23,22,22,83.5,127.9,10/5/21,05/18/22,0,0,0,22,0,0,0.0%,278
2,727,H,1,295,26,27,27,84,140.3,10/5/21,05/18/22,0,0,0,27,0,0,0.0%,278
2,727,I,1,295,28,30,30,87.5,139.4,10/5/21,05/18/22,0,0,0,0,0,0,0.0%,278
2,727,J,1,295,24,24,24,88,168,10/5/21,05/18/22,0,0,0,24,0,0,0.0%,278
2,727,K,1,295,32,31,31,88,168,10/5/21,05/18/22,0,0,0,NA,NA,NA,NA,278
2,737,A,1,16,22,18,18,81.5,142,10/5/21,05/18/22,0,4,0,18,0,0,0.0%,278
2,737,B,1,16,31,28,27,82.5,142,10/5/21,05/18/22,1,3,0,27,0,0,0.0%,278
2,737,C,1,220,32,31,31,69,164.4,10/12/21,05/18/22,0,0,0,31,0,0,0.0%,232
2,738,A,1,300,36,34,34,66.5,151.9,10/5/21,05/18/22,0,0,0,34,0,NA,NA,278
2,738,B,1,300,29,29,29,83.5,140.7,10/12/21,05/18/22,0,0,0,29,0,0,0.0%,232
2,738,C,1,153,32,31,31,64.5,155,10/5/21,05/18/22,0,0,0,31,0,0,0.0%,278
2,738,D,1,153,31,31,31,70.5,150.2,11/3/21,05/18/22,31,0,19,31,18,18,58.1%,159
2,738,E,1,153,34,34,34,75,136.5,10/5/21,05/18/22,0,0,0,34,0,0,0.0%,278
2,738,F,1,153,58,35,35,78.5,145.3,10/5/21,05/18/22,0,0,0,35,0,0,0.0%,278
2,738,F,2,153,58,23,23,78.5,145.3,10/5/21,05/18/22,0,0,0,23,0,0,0.0%,278
2,738,G,1,153,32,32,32,79,145.3,10/5/21,05/18/22,0,32,0,32,0,0,0.0%,278
2,738,H,1,153,36,36,36,80,136.5,10/25/21,05/18/22,36,0,30,36,29,29,80.6%,175
2,738,I,1,257,35,36,36,76.5,150.5,10/25/21,05/18/22,0,0,20,36,20,20,55.6%,175
2,738,J,1,257,26,26,26,79.5,151.9,10/5/21,05/18/22,26,0,0,26,0,0,0.0%,278
2,738,K,1,257,30,30,30,79.5,151.9,10/5/21,05/18/22,0,0,0,30,0,0,0.0%,278
2,738,L,1,257,28,29,29,84,148.4,10/25/21,05/18/22,0,0,0,28,0,NA,NA,175
2,738,M,1,257,35,34,34,85,164.7,10/12/21,05/18/22,0,0,0,34,0,0,0.0%,232
2,738,N,1,257,34,34,33,85,164.7,10/12/21,05/18/22,1,0,0,33,0,0,0.0%,232
2,738,N,2,257,25,25,25,85,164.7,10/12/21,05/18/22,0,0,0,25,0,0,0.0%,232
2,740,A,1,313,0,0,0,73,137.2,10/12/21,05/18/22,0,0,0,NA,0,0,NA,232
2,740,B,1,36,56,35,35,89.5,175.6,10/5/21,05/18/22,35,0,0,35,0,0,0.0%,278
2,740,B,2,36,56,20,20,89.5,175.6,10/5/21,05/18/22,0,0,0,20,0,0,0.0%,278
2,740,C,1,134,5,5,5,59.5,137.7,10/25/21,05/18/22,0,0,0,5,0,0,0.0%,175
2,740,D,1,134,29,29,29,60,135.9,10/25/21,05/18/22,0,0,0,29,0,0,0.0%,175
2,740,E,1,134,14,14,14,63.5,142.8,11/3/21,05/18/22,0,0,0,14,0,0,0.0%,159
2,740,F,1,134,6,6,6,77,132.1,10/12/21,05/18/22,0,0,0,6,0,0,0.0%,232
2,740,G,1,134,28,25,25,79.5,143.8,10/12/21,05/18/22,0,0,0,25,0,0,0.0%,232
3,705,A,1,57,31,30,30,79,169.2,10/12/21,05/20/22,0,0,0,31,0,0,0.0%,249
3,705,B,1,137,2,2,2,70,157.4,10/25/21,05/20/22,0,0,0,2,0,0,0.0%,192
3,705,C,1,207,39,39,39,75,146.2,10/25/21,05/20/22,0,0,0,39,0,0,0.0%,192
3,705,D,1,305,3,3,3,38.5,110.9,10/12/21,05/20/22,0,0,0,3,0,0,0.0%,249
3,706,A,1,332,11,12,12,69,155.3,10/5/21,05/20/22,0,0,0,12,0,0,0.0%,295
3,706,B,1,332,39,39,39,86,150.9,11/3/21,05/20/22,0,0,0,39,0,0,0.0%,176
3,706,C,1,43,24,24,24,88.5,151.1,10/5/21,05/20/22,0,0,0,24,0,0,0.0%,295
3,708,A,1,154,26,26,26,81,154.8,11/3/21,05/20/22,0,0,0,26,0,0,0.0%,176
3,708,B,1,154,39,39,39,82.5,162.6,10/12/21,05/20/22,0,0,0,39,0,0,0.0%,249
3,708,C,1,154,0,0,0,85,160.6,10/5/21,05/20/22,0,0,0,0,0,0,NA,295
3,708,D,1,154,26,26,26,86,159.7,10/12/21,05/20/22,0,0,22,26,22,22,84.6%,249
3,708,E,1,154,23,25,24,90,151.3,10/25/21,05/20/22,1,0,0,24,0,0,0.0%,192
3,708,E,2,154,16,16,16,90,151.3,10/25/21,05/20/22,0,0,0,16,0,0,0.0%,192
3,715,A,1,6,29,22,22,58,142.2,10/12/21,05/20/22,0,0,0,22,21,21,95.5%,249
3,715,B,1,20,36,34,32,72,150.7,10/5/21,05/20/22,2,0,2,32,0,0,0.0%,295
3,715,C,1,283,36,29,23,76,124,10/12/21,05/20/22,6,0,23,23,22,22,75.9%,249
3,716,A,1,342,16,13,13,74.5,164.8,10/5/21,05/20/22,0,0,0,13,0,0,0.0%,295
3,716,B,1,22,16,16,16,82,145.6,10/5/21,05/20/22,0,0,0,16,0,0,0.0%,295
3,716,C,1,176,33,32,32,67,137.1,10/5/21,05/20/22,0,0,0,32,0,0,0.0%,295
3,716,D,1,265,36,34,32,73.5,126,10/12/21,05/20/22,2,0,28,32,26,26,76.5%,249
3,716,E,1,187,13,15,22,82.5,171.3,10/5/21,05/20/22,0,0,0,15,0,0,0.0%,295
3,716,F,1,187,34,31,31,83.5,178,10/5/21,05/20/22,0,0,2,31,0,0,0.0%,295
3,716,G,1,187,29,29,24,83.5,178,10/25/21,05/20/22,2,3,2,24,0,0,0.0%,192
3,716,H,1,187,27,25,22,83.5,178,10/5/21,05/20/22,1,0,1,23,1,1,4.0%,295
3,717,A,1,314,27,28,28,62.5,140.1,10/5/21,05/20/22,28,0,0,28,0,0,0.0%,295
3,717,B,1,161,11,11,11,64.5,147.8,10/12/21,05/20/22,0,0,0,11,0,0,0.0%,249
3,717,C,1,148,43,31,29,68.5,152.9,10/5/21,05/20/22,2,2,0,29,0,0,0.0%,295
3,717,D,1,124,22,22,22,69.5,140.8,10/12/21,05/20/22,22,0,0,22,0,0,0.0%,249
3,717,E,1,165,49,34,34,71,139.9,10/12/21,05/20/22,0,0,0,34,0,0,0.0%,249
3,717,E,2,165,49,19,19,71,139.9,10/12/21,05/20/22,0,0,0,19,0,0,0.0%,249
3,717,F,1,152,10,10,9,72.5,133.3,10/25/21,05/20/22,1,0,1,9,0,0,0.0%,192
3,717,G,1,85,30,30,30,83.5,133.7,10/5/21,05/20/22,0,0,0,30,0,0,0.0%,295
3,717,H,1,228,26,26,26,74.6,145.1,10/25/21,05/20/22,0,0,0,26,0,0,0.0%,192
3,717,I,1,228,23,23,23,73,145.1,11/3/21,05/20/22,0,0,0,23,0,0,0.0%,176
3,717,J,1,228,41,41,41,74,145.1,10/25/21,05/20/22,0,0,13,41,13,13,31.7%,192
3,717,K,1,278,39,40,40,84.5,167.6,10/12/21,05/20/22,0,0,0,40,0,0,0.0%,249
3,718,A,1,311,34,34,33,80,136.7,10/5/21,05/20/22,1,0,0,34,0,0,0.0%,295
3,718,B,1,311,37,37,37,85,149.7,10/25/21,05/20/22,0,0,0,37,0,0,0.0%,192
3,718,C,1,311,38,30,30,81,152.3,10/12/21,05/20/22,0,0,0,0,29,29,96.7%,249
3,718,D,1,311,32,30,30,93.5,153,10/25/21,05/20/22,0,0,18,30,18,18,60.0%,192
3,718,E,1,15,40,39,39,62.5,143.8,10/12/21,05/20/22,0,0,0,39,0,0,0.0%,249
3,718,F,1,15,42,41,41,64.5,146.1,10/12/21,05/20/22,0,0,0,41,0,0,0.0%,249
3,718,G,1,43,32,32,32,69.5,152.7,10/25/21,05/20/22,0,0,0,32,0,0,0.0%,192
3,718,H,1,43,35,36,36,70,152.7,10/25/21,05/20/22,0,0,0,36,0,0,0.0%,192
3,718,I,1,43,39,38,38,70,152.7,10/25/21,05/20/22,0,0,7,38,7,7,18.4%,192
3,718,J,1,43,29,21,21,71,152.7,10/25/21,05/20/22,21,0,0,21,0,0,0.0%,192
3,718,K,1,54,24,25,25,72,146.2,10/5/21,05/20/22,0,0,0,25,0,0,0.0%,295
3,718,L,1,54,28,29,29,72,146.2,10/5/21,05/20/22,0,0,1,29,0,0,0.0%,295
3,718,M,1,68,29,28,28,79,153.4,10/12/21,05/20/22,0,0,0,28,0,0,0.0%,249
3,718,N,1,110,16,16,16,69.5,161.2,10/5/21,05/20/22,0,0,0,16,0,0,0.0%,295
3,718,O,1,110,32,32,32,70,161.2,10/5/21,05/20/22,0,0,0,32,0,0,0.0%,295
3,718,P,1,64,19,19,19,77.5,150.4,10/25/21,05/20/22,0,0,0,0,0,0,0.0%,192
3,718,Q,1,64,12,12,12,78,150.4,10/25/21,05/20/22,0,0,0,12,0,0,0.0%,192
3,718,R,1,24,33,32,32,83,162.1,10/12/21,05/20/22,0,0,0,32,0,0,0.0%,249
3,718,S,1,24,40,35,35,83.5,169.8,10/25/21,05/20/22,35,0,0,35,0,0,0.0%,192
3,718,S,2,24,31,29,29,83.5,169.8,10/25/21,05/20/22,0,0,0,29,0,0,0.0%,192
3,718,S,3,24,42,36,36,83.5,169.8,10/25/21,05/20/22,0,0,0,36,0,0,0.0%,192
3,718,T,1,264,35,35,35,70.5,142.9,10/5/21,05/20/22,0,0,0,35,0,0,0.0%,295
3,718,U,1,264,21,20,17,71.5,149.1,10/25/21,05/20/22,3,0,0,18,0,0,0.0%,192
3,718,V,1,287,43,48,48,77,140.4,10/25/21,05/20/22,0,0,0,48,0,0,0.0%,192
3,727,A,1,152,8,8,8,79.5,165.5,10/25/21,05/20/22,0,0,0,8,0,7,87.5%,192
3,727,B,1,152,22,22,22,80.5,165.5,10/25/21,05/20/22,0,0,0,22,0,0,0.0%,192
3,727,C,1,283,3,3,3,80,121.3,11/3/21,05/20/22,0,0,0,3,0,0,0.0%,176
3,727,D,1,299,36,35,35,60,145.4,10/25/21,05/20/22,0,0,0,35,0,0,0.0%,192
3,727,E,1,299,10,10,10,71.5,141.5,10/12/21,05/20/22,0,0,0,10,0,0,0.0%,249
3,727,F,1,299,27,24,24,80.5,158.1,10/5/21,05/20/22,0,0,0,24,0,0,0.0%,295
3,727,G,1,299,23,22,22,83.5,127.9,10/5/21,05/20/22,0,0,0,22,0,0,0.0%,295
3,727,H,1,295,26,27,27,84,140.3,10/5/21,05/20/22,0,0,0,27,0,0,0.0%,295
3,727,I,1,295,28,30,30,87.5,139.4,10/5/21,05/20/22,0,0,0,0,0,0,0.0%,295
3,727,J,1,295,24,24,24,88,168,10/5/21,05/20/22,0,0,0,24,0,0,0.0%,295
3,727,K,1,295,32,31,31,88,168,10/5/21,05/20/22,0,0,0,NA,NA,NA,NA,295
3,737,A,1,16,22,18,18,81.5,142,10/5/21,05/20/22,0,0,0,18,0,0,0.0%,295
3,737,B,1,16,31,28,27,82.5,142,10/5/21,05/20/22,1,0,0,27,0,0,0.0%,295
3,737,C,1,220,32,31,31,69,164.4,10/12/21,05/20/22,0,0,0,31,0,0,0.0%,249
3,738,A,1,300,36,34,34,66.5,151.9,10/5/21,05/20/22,0,0,0,34,0,NA,NA,295
3,738,B,1,300,29,29,29,83.5,140.7,10/12/21,05/20/22,0,0,0,29,0,0,0.0%,249
3,738,C,1,153,32,31,31,64.5,155,10/5/21,05/20/22,0,0,0,31,0,0,0.0%,295
3,738,D,1,153,32,31,31,70.5,150.2,11/3/21,05/20/22,31,0,19,31,18,18,58.1%,176
3,738,E,1,153,34,34,34,75,136.5,10/5/21,05/20/22,0,0,18,34,18,18,52.9%,295
3,738,F,1,153,58,35,35,78.5,145.3,10/5/21,05/20/22,0,0,0,35,0,0,0.0%,295
3,738,F,2,153,58,23,23,78.5,145.3,10/5/21,05/20/22,0,0,0,23,0,0,0.0%,295
3,738,G,1,153,32,32,32,79,145.3,10/5/21,05/20/22,0,32,0,32,0,0,0.0%,295
3,738,H,1,153,36,36,36,80,136.5,10/25/21,05/20/22,36,0,32,36,32,32,88.9%,192
3,738,I,1,257,35,36,36,76.5,150.5,10/25/21,05/20/22,0,0,32,36,33,33,91.7%,192
3,738,J,1,257,26,26,26,79.5,151.9,10/5/21,05/20/22,26,0,11,26,11,11,42.3%,295
3,738,K,1,257,30,30,30,79.5,151.9,10/5/21,05/20/22,0,0,0,30,0,0,0.0%,295
3,738,L,1,257,28,29,29,84,148.4,10/25/21,05/20/22,0,0,28,28,28,28,96.6%,192
3,738,M,1,257,35,34,34,85,164.7,10/12/21,05/20/22,0,0,0,34,0,0,0.0%,249
3,738,N,1,257,34,34,33,85,164.7,10/12/21,05/20/22,1,1,26,33,30,30,88.2%,249
3,738,N,2,257,25,25,25,85,164.7,10/12/21,05/20/22,0,0,0,25,23,25,100.0%,249
3,740,A,1,313,0,0,0,73,137.2,10/12/21,05/20/22,0,0,0,NA,0,0,NA,249
3,740,B,1,36,56,35,35,89.5,175.6,10/5/21,05/20/22,35,0,0,35,0,0,0.0%,295
3,740,B,2,36,56,20,20,89.5,175.6,10/5/21,05/20/22,0,0,0,20,0,0,0.0%,295
3,740,C,1,134,5,5,5,59.5,137.7,10/25/21,05/20/22,0,0,0,5,0,0,0.0%,192
3,740,D,1,134,29,29,29,60,135.9,10/25/21,05/20/22,0,0,0,29,0,0,0.0%,192
3,740,E,1,134,14,14,14,63.5,142.8,11/3/21,05/20/22,0,0,0,14,0,0,0.0%,176
3,740,F,1,134,6,6,6,77,132.1,10/12/21,05/20/22,0,0,0,6,0,0,0.0%,249
3,740,G,1,134,28,25,25,79.5,143.8,10/12/21,05/20/22,0,0,0,25,0,0,0.0%,249
4,705,A,1,57,31,30,30,79,169.2,10/12/21,05/23/22,0,0,0,31,0,0,0.0%,284
4,705,B,1,137,2,2,2,70,157.4,10/25/21,05/23/22,0,0,0,2,0,0,0.0%,227
4,705,C,1,207,39,39,39,75,146.2,10/25/21,05/23/22,0,0,0,39,0,0,0.0%,227
4,705,D,1,305,3,3,3,38.5,110.9,10/12/21,05/23/22,0,0,0,3,0,0,0.0%,284
4,706,A,1,332,11,12,12,69,155.3,10/5/21,05/23/22,0,0,0,12,0,0,0.0%,330
4,706,B,1,332,39,39,39,86,150.9,11/3/21,05/23/22,0,0,0,39,0,0,0.0%,211
4,706,C,1,43,24,24,24,88.5,151.1,10/5/21,05/23/22,0,0,0,24,0,0,0.0%,330
4,708,A,1,154,26,26,26,81,154.8,11/3/21,05/23/22,0,0,0,26,0,0,0.0%,211
4,708,B,1,154,39,39,39,82.5,162.6,10/12/21,05/23/22,0,0,11,39,11,11,28.2%,284
4,708,C,1,154,0,0,0,85,160.6,10/5/21,05/23/22,0,0,0,0,0,0,0.0%,330
4,708,D,1,154,26,26,26,86,159.7,10/12/21,05/23/22,0,1,22,25,21,22,84.6%,284
4,708,E,1,154,23,25,24,90,151.3,10/25/21,05/23/22,1,0,0,24,0,0,0.0%,227
4,708,E,2,154,16,16,16,90,151.3,10/25/21,05/23/22,0,0,0,16,0,0,0.0%,227
4,715,A,1,6,29,22,22,58,142.2,10/12/21,05/23/22,0,0,22,22,21,21,95.5%,284
4,715,B,1,20,36,34,32,72,150.7,10/5/21,05/23/22,2,0,13,32,12,12,35.3%,330
4,715,C,1,283,36,29,23,76,124,10/12/21,05/23/22,6,0,25,23,22,22,75.9%,284
4,716,A,1,342,16,13,13,74.5,164.8,10/5/21,05/23/22,0,0,5,13,5,5,38.5%,330
4,716,B,1,22,16,16,16,82,145.6,10/5/21,05/23/22,0,0,0,16,0,0,0.0%,330
4,716,C,1,176,33,32,32,67,137.1,10/5/21,05/23/22,0,0,4,28,4,4,12.5%,330
4,716,D,1,265,36,34,32,73.5,126,10/12/21,05/23/22,2,0,33,32,31,31,91.2%,284
4,716,E,1,187,13,15,22,82.5,171.3,10/5/21,05/23/22,0,0,7,15,7,7,46.7%,330
4,716,F,1,187,34,31,31,83.5,178,10/5/21,05/23/22,0,0,4,31,4,0,0.0%,330
4,716,G,1,187,29,29,24,83.5,178,10/25/21,05/23/22,0,3,0,23,0,0,0.0%,227
4,716,H,1,187,27,25,22,83.5,178,10/5/21,05/23/22,1,0,13,23,13,13,52.0%,330
4,717,A,1,314,27,28,28,62.5,140.1,10/5/21,05/23/22,28,0,0,28,0,0,0.0%,330
4,717,B,1,161,11,11,11,64.5,147.8,10/12/21,05/23/22,0,0,11,11,11,11,100.0%,284
4,717,C,1,148,43,31,29,68.5,152.9,10/5/21,05/23/22,2,0,6,29,6,6,19.4%,330
4,717,D,1,124,22,22,22,69.5,140.8,10/12/21,05/23/22,22,0,17,22,17,17,77.3%,284
4,717,E,1,165,49,34,34,71,139.9,10/12/21,05/23/22,0,0,32,34,31,31,91.2%,284
4,717,E,2,165,49,19,19,71,139.9,10/12/21,05/23/22,0,0,32,19,0,0,0.0%,284
4,717,F,1,152,10,10,9,72.5,133.3,10/25/21,05/23/22,1,0,1,9,0,0,0.0%,227
4,717,G,1,85,30,30,30,83.5,133.7,10/5/21,05/23/22,0,0,7,30,7,7,23.3%,330
4,717,H,1,228,26,26,26,74.6,145.1,10/25/21,05/23/22,0,0,0,26,0,0,0.0%,227
4,717,I,1,228,23,23,23,73,145.1,11/3/21,05/23/22,0,0,0,23,0,0,0.0%,211
4,717,J,1,228,41,41,41,74,145.1,10/25/21,05/23/22,0,0,36,41,32,32,78.0%,227
4,717,K,1,278,39,40,40,84.5,167.6,10/12/21,05/23/22,0,0,39,40,40,0,0.0%,284
4,718,A,1,311,34,34,33,80,136.7,10/5/21,05/23/22,1,0,0,34,0,0,0.0%,330
4,718,B,1,311,37,37,37,85,149.7,10/25/21,05/23/22,0,0,0,37,0,0,0.0%,227
4,718,C,1,311,38,30,30,81,152.3,10/12/21,05/23/22,0,0,29,0,29,29,96.7%,284
4,718,D,1,311,32,30,30,93.5,153,10/25/21,05/23/22,0,0,18,30,18,18,60.0%,227
4,718,E,1,15,40,39,39,62.5,143.8,10/12/21,05/23/22,0,0,0,39,0,0,0.0%,284
4,718,F,1,15,42,41,41,64.5,146.1,10/12/21,05/23/22,0,0,0,41,0,0,0.0%,284
4,718,G,1,43,32,32,32,69.5,152.7,10/25/21,05/23/22,0,0,0,32,0,0,0.0%,227
4,718,H,1,43,35,36,36,70,152.7,10/25/21,05/23/22,0,0,0,36,0,0,0.0%,227
4,718,I,1,43,39,38,38,70,152.7,10/25/21,05/23/22,0,0,31,38,30,30,78.9%,227
4,718,J,1,43,31,21,21,71,152.7,10/25/21,05/23/22,21,0,0,21,0,0,0.0%,227
4,718,K,1,54,24,25,25,72,146.2,10/5/21,05/23/22,0,0,13,25,13,13,52.0%,330
4,718,L,1,54,28,29,29,72,146.2,10/5/21,05/23/22,0,0,20,29,21,21,72.4%,330
4,718,M,1,68,29,28,28,79,153.4,10/12/21,05/23/22,0,0,28,28,28,28,100.0%,284
4,718,N,1,110,16,16,16,69.5,161.2,10/5/21,05/23/22,0,0,0,16,0,0,0.0%,330
4,718,O,1,110,32,32,32,70,161.2,10/5/21,05/23/22,0,0,13,32,13,13,40.6%,330
4,718,P,1,64,19,19,19,77.5,150.4,10/25/21,05/23/22,0,0,0,0,0,0,0.0%,227
4,718,Q,1,64,12,12,12,78,150.4,10/25/21,05/23/22,0,0,1,12,1,1,8.3%,227
4,718,R,1,24,33,32,32,83,162.1,10/12/21,05/23/22,0,0,0,32,0,0,0.0%,284
4,718,S,1,24,40,35,35,83.5,169.8,10/25/21,05/23/22,35,0,26,35,0,0,0.0%,227
4,718,S,2,24,31,29,29,83.5,169.8,10/25/21,05/23/22,0,0,26,29,27,27,93.1%,227
4,718,S,3,24,42,36,36,83.5,169.8,10/25/21,05/23/22,0,0,26,36,0,0,0.0%,227
4,718,T,1,264,35,35,35,70.5,142.9,10/5/21,05/23/22,0,0,34,35,34,34,97.1%,330
4,718,U,1,264,22,20,17,71.5,149.1,10/25/21,05/23/22,3,0,0,18,0,0,0.0%,227
4,718,V,1,287,43,48,48,77,140.4,10/25/21,05/23/22,0,0,0,48,0,0,0.0%,227
4,727,A,1,152,8,8,8,79.5,165.5,10/25/21,05/23/22,0,0,0,8,0,7,87.5%,227
4,727,B,1,152,22,22,22,80.5,165.5,10/25/21,05/23/22,0,0,0,22,0,0,0.0%,227
4,727,C,1,283,3,3,3,80,121.3,11/3/21,05/23/22,0,0,0,3,0,0,0.0%,211
4,727,D,1,299,36,35,35,60,145.4,10/25/21,05/23/22,0,0,21,35,20,20,57.1%,227
4,727,E,1,299,10,10,10,71.5,141.5,10/12/21,05/23/22,0,0,8,10,8,8,80.0%,284
4,727,F,1,299,27,24,24,80.5,158.1,10/5/21,05/23/22,0,0,0,24,0,0,0.0%,330
4,727,G,1,299,23,22,22,83.5,127.9,10/5/21,05/23/22,0,0,4,22,4,4,18.2%,330
4,727,H,1,295,26,27,27,84,140.3,10/5/21,05/23/22,0,0,3,27,3,3,11.1%,330
4,727,I,1,295,28,30,30,87.5,139.4,10/5/21,05/23/22,0,0,30,30,30,30,100.0%,330
4,727,J,1,295,24,24,24,88,168,10/5/21,05/23/22,0,0,7,24,7,7,29.2%,330
4,727,K,1,295,32,31,31,88,168,10/5/21,05/23/22,0,0,15,NA,18,18,58.1%,330
4,737,A,1,16,22,18,18,81.5,142,10/5/21,05/23/22,0,0,0,18,0,0,0.0%,330
4,737,B,1,16,31,28,27,82.5,142,10/5/21,05/23/22,1,0,0,27,0,0,0.0%,330
4,737,C,1,220,32,31,31,69,164.4,10/12/21,05/23/22,0,0,30,31,0,0,0.0%,284
4,738,A,1,300,36,34,34,66.5,151.9,10/5/21,05/23/22,0,0,0,34,NA,NA,NA,330
4,738,B,1,300,29,29,29,83.5,140.7,10/12/21,05/23/22,0,0,11,29,11,11,37.9%,284
4,738,C,1,153,32,31,31,64.5,155,10/5/21,05/23/22,0,0,0,31,0,0,0.0%,330
4,738,D,1,153,31,31,31,70.5,150.2,11/3/21,05/23/22,31,0,18,31,18,18,58.1%,211
4,738,E,1,153,34,34,34,75,136.5,10/5/21,05/23/22,0,0,28,34,25,25,73.5%,330
4,738,F,1,153,58,35,35,78.5,145.3,10/5/21,05/23/22,0,0,29,35,6,6,17.1%,330
4,738,F,2,153,58,23,23,78.5,145.3,10/5/21,05/23/22,0,0,29,23,21,21,91.3%,330
4,738,G,1,153,32,32,32,79,145.3,10/5/21,05/23/22,0,32,18,32,20,20,62.5%,330
4,738,H,1,153,36,36,36,80,136.5,10/25/21,05/23/22,36,0,33,36,32,32,88.9%,227
4,738,I,1,257,35,36,36,76.5,150.5,10/25/21,05/23/22,0,0,32,36,33,33,91.7%,227
4,738,J,1,257,26,26,26,79.5,151.9,10/5/21,05/23/22,26,0,24,26,25,25,96.2%,330
4,738,K,1,257,30,30,30,79.5,151.9,10/5/21,05/23/22,0,0,19,30,19,19,63.3%,330
4,738,L,1,257,28,29,29,84,148.4,10/25/21,05/23/22,0,0,28,28,28,28,96.6%,227
4,738,M,1,257,35,33,34,85,164.7,10/12/21,05/23/22,0,1,22,33,20,20,60.6%,284
4,738,N,1,257,34,34,33,85,164.7,10/12/21,05/23/22,1,0,NA,33,33,33,97.1%,284
4,738,N,2,257,25,25,25,85,164.7,10/12/21,05/23/22,0,0,53,25,23,25,100.0%,284
4,740,A,1,313,0,0,0,73,137.2,10/12/21,05/23/22,0,0,0,NA,0,0,0.0%,284
4,740,B,1,36,56,35,35,89.5,175.6,10/5/21,05/23/22,35,0,29,35,29,29,82.9%,330
4,740,B,2,36,56,20,20,89.5,175.6,10/5/21,05/23/22,0,0,0,20,0,0,0.0%,330
4,740,C,1,134,5,5,5,59.5,137.7,10/25/21,05/23/22,0,0,0,5,0,0,0.0%,227
4,740,D,1,134,29,29,29,60,135.9,10/25/21,05/23/22,0,0,0,29,0,0,0.0%,227
4,740,E,1,134,14,14,14,63.5,142.8,11/3/21,05/23/22,0,0,0,14,0,0,0.0%,211
4,740,F,1,134,6,6,6,77,132.1,10/12/21,05/23/22,0,0,0,6,0,0,0.0%,284
4,740,G,1,134,28,25,25,79.5,143.8,10/12/21,05/23/22,0,0,0,25,0,0,0.0%,284
5,705,A,1,57,31,30,30,79,169.2,10/12/21,05/25/22,0,0,0,31,0,0,0.0%,296
5,705,B,1,137,2,2,2,70,157.4,10/25/21,05/25/22,0,0,0,2,0,0,0.0%,239
5,705,C,1,207,39,39,39,75,146.2,10/25/21,05/25/22,0,0,5,39,0,0,0.0%,239
5,705,D,1,305,3,3,3,38.5,110.9,10/12/21,05/25/22,0,0,0,3,0,0,0.0%,296
5,706,A,1,332,11,12,12,69,155.3,10/5/21,05/25/22,0,0,0,12,0,0,0.0%,342
5,706,B,1,332,39,39,39,86,150.9,11/3/21,05/25/22,0,0,0,39,0,0,0.0%,223
5,706,C,1,43,24,24,24,88.5,151.1,10/5/21,05/25/22,0,0,0,24,0,0,0.0%,342
5,708,A,1,154,26,26,26,81,154.8,11/3/21,05/25/22,0,0,0,26,0,0,0.0%,223
5,708,B,1,154,39,39,39,82.5,162.6,10/12/21,05/25/22,0,0,11,39,11,11,28.2%,296
5,708,C,1,154,0,0,0,85,160.6,10/5/21,05/25/22,0,0,0,0,0,0,0.0%,342
5,708,D,1,154,26,26,26,86,159.7,10/12/21,05/25/22,0,3,22,22,20,22,84.6%,296
5,708,E,1,154,23,25,24,90,151.3,10/25/21,05/25/22,1,0,0,24,0,0,0.0%,239
5,708,E,2,154,16,16,16,90,151.3,10/25/21,05/25/22,0,0,0,16,0,0,0.0%,239
5,715,A,1,6,29,22,22,58,142.2,10/12/21,05/25/22,0,0,21,22,21,21,95.5%,296
5,715,B,1,20,36,34,32,72,150.7,10/5/21,05/25/22,2,0,25,32,23,23,67.6%,342
5,715,C,1,283,36,29,23,76,124,10/12/21,05/25/22,6,2,25,21,20,22,75.9%,296
5,716,A,1,342,16,13,13,74.5,164.8,10/5/21,05/25/22,0,0,9,13,9,9,69.2%,342
5,716,B,1,22,16,16,16,82,145.6,10/5/21,05/25/22,0,0,10,16,10,10,62.5%,342
5,716,C,1,176,33,32,32,67,137.1,10/5/21,05/25/22,0,0,4,28,4,4,12.5%,342
5,716,D,1,265,36,34,32,73.5,126,10/12/21,05/25/22,2,0,33,32,31,31,91.2%,296
5,716,E,1,187,13,15,22,82.5,171.3,10/5/21,05/25/22,0,2,13,13,13,13,86.7%,342
5,716,F,1,187,34,31,31,83.5,178,10/5/21,05/25/22,0,0,25,31,25,25,80.6%,342
5,716,G,1,187,29,29,24,83.5,178,10/25/21,05/25/22,0,0,0,23,0,0,0.0%,239
5,716,H,1,187,27,25,22,83.5,178,10/5/21,05/25/22,1,0,14,23,13,13,52.0%,342
5,717,A,1,314,27,28,28,62.5,140.1,10/5/21,05/25/22,28,0,0,28,0,0,0.0%,342
5,717,B,1,161,11,11,11,64.5,147.8,10/12/21,05/25/22,0,0,11,11,11,11,100.0%,296
5,717,C,1,148,43,31,29,68.5,152.9,10/5/21,05/25/22,2,0,24,29,24,24,77.4%,342
5,717,D,1,124,22,22,22,69.5,140.8,10/12/21,05/25/22,22,0,17,22,17,17,77.3%,296
5,717,E,1,165,49,34,34,71,139.9,10/12/21,05/25/22,0,0,33,34,31,31,91.2%,296
5,717,E,2,165,49,19,19,71,139.9,10/12/21,05/25/22,0,0,33,19,0,0,0.0%,296
5,717,F,1,152,10,10,9,72.5,133.3,10/25/21,05/25/22,1,0,1,9,0,0,0.0%,239
5,717,G,1,85,30,30,30,83.5,133.7,10/5/21,05/25/22,0,1,9,29,9,9,30.0%,342
5,717,H,1,228,26,26,26,74.6,145.1,10/25/21,05/25/22,0,0,0,26,0,0,0.0%,239
5,717,I,1,228,23,23,23,73,145.1,11/3/21,05/25/22,0,0,0,23,0,0,0.0%,223
5,717,J,1,228,41,41,41,74,145.1,10/25/21,05/25/22,0,0,36,41,36,36,87.8%,239
5,717,K,1,278,39,40,40,84.5,167.6,10/12/21,05/25/22,0,0,39,40,40,40,100.0%,296
5,718,A,1,311,34,34,33,80,136.7,10/5/21,05/25/22,1,0,0,34,0,0,0.0%,342
5,718,B,1,311,37,37,37,85,149.7,10/25/21,05/25/22,0,0,0,37,0,0,0.0%,239
5,718,C,1,311,38,30,30,81,152.3,10/12/21,05/25/22,0,0,33,0,29,29,96.7%,296
5,718,D,1,311,32,30,30,93.5,153,10/25/21,05/25/22,0,0,18,30,18,18,60.0%,239
5,718,E,1,15,40,39,39,62.5,143.8,10/12/21,05/25/22,0,0,0,39,0,0,0.0%,296
5,718,F,1,15,42,41,41,64.5,146.1,10/12/21,05/25/22,0,0,0,41,0,0,0.0%,296
5,718,G,1,43,32,32,32,69.5,152.7,10/25/21,05/25/22,0,0,1,32,1,1,3.1%,239
5,718,H,1,43,35,36,36,70,152.7,10/25/21,05/25/22,0,0,0,36,0,0,0.0%,239
5,718,I,1,43,39,38,38,70,152.7,10/25/21,05/25/22,0,0,30,38,32,32,84.2%,239
5,718,J,1,43,31,21,21,71,152.7,10/25/21,05/25/22,21,1,0,20,0,0,0.0%,239
5,718,K,1,54,24,25,25,72,146.2,10/5/21,05/25/22,0,0,12,25,13,13,52.0%,342
5,718,L,1,54,28,29,29,72,146.2,10/5/21,05/25/22,0,0,20,29,21,21,72.4%,342
5,718,M,1,68,29,28,28,79,153.4,10/12/21,05/25/22,0,0,28,28,28,28,100.0%,296
5,718,N,1,110,16,16,16,69.5,161.2,10/5/21,05/25/22,0,0,0,16,0,0,0.0%,342
5,718,O,1,110,32,32,32,70,161.2,10/5/21,05/25/22,0,0,29,32,30,30,93.8%,342
5,718,P,1,64,19,19,19,77.5,150.4,10/25/21,05/25/22,0,0,0,0,0,0,0.0%,239
5,718,Q,1,64,12,12,12,78,150.4,10/25/21,05/25/22,0,0,9,12,9,9,75.0%,239
5,718,R,1,24,33,32,32,83,162.1,10/12/21,05/25/22,0,0,0,32,0,0,0.0%,296
5,718,S,1,24,40,35,35,83.5,169.8,10/25/21,05/25/22,35,0,28,35,0,0,0.0%,239
5,718,S,2,24,31,29,29,83.5,169.8,10/25/21,05/25/22,0,0,28,29,28,28,96.6%,239
5,718,S,3,24,42,36,36,83.5,169.8,10/25/21,05/25/22,0,0,28,36,0,0,0.0%,239
5,718,T,1,264,35,35,35,70.5,142.9,10/5/21,05/25/22,0,0,34,35,34,34,97.1%,342
5,718,U,1,264,22,20,17,71.5,149.1,10/25/21,05/25/22,3,0,0,18,0,0,0.0%,239
5,718,V,1,287,43,48,48,77,140.4,10/25/21,05/25/22,0,0,0,48,40,40,83.3%,239
5,727,A,1,152,8,8,8,79.5,165.5,10/25/21,05/25/22,0,0,4,8,4,7,87.5%,239
5,727,B,1,152,22,22,22,80.5,165.5,10/25/21,05/25/22,0,0,0,22,0,0,0.0%,239
5,727,C,1,283,3,3,3,80,121.3,11/3/21,05/25/22,0,0,0,3,0,0,0.0%,223
5,727,D,1,299,36,35,35,60,145.4,10/25/21,05/25/22,0,0,26,35,27,27,77.1%,239
5,727,E,1,299,10,10,10,71.5,141.5,10/12/21,05/25/22,0,0,8,10,8,8,80.0%,296
5,727,F,1,299,27,24,24,80.5,158.1,10/5/21,05/25/22,0,0,0,24,0,0,0.0%,342
5,727,G,1,299,23,22,22,83.5,127.9,10/5/21,05/25/22,0,0,0,22,4,4,18.2%,342
5,727,H,1,295,26,27,27,84,140.3,10/5/21,05/25/22,0,0,21,27,21,21,77.8%,342
5,727,I,1,295,28,30,30,87.5,139.4,10/5/21,05/25/22,0,0,30,30,30,30,100.0%,342
5,727,J,1,295,24,24,24,88,168,10/5/21,05/25/22,0,0,23,24,24,24,100.0%,342
5,727,K,1,295,32,31,31,88,168,10/5/21,05/25/22,0,0,27,NA,28,28,90.3%,342
5,737,A,1,16,22,18,18,81.5,142,10/5/21,05/25/22,0,0,0,18,0,0,0.0%,342
5,737,B,1,16,31,28,27,82.5,142,10/5/21,05/25/22,1,0,0,27,0,0,0.0%,342
5,737,C,1,220,32,31,31,69,164.4,10/12/21,05/25/22,0,0,29,31,30,30,96.8%,296
5,738,A,1,300,36,34,34,66.5,151.9,10/5/21,05/25/22,0,0,29,34,30,NA,NA,342
5,738,B,1,300,29,29,29,83.5,140.7,10/12/21,05/25/22,0,0,11,29,11,11,37.9%,296
5,738,C,1,153,32,31,31,64.5,155,10/5/21,05/25/22,0,0,3,31,3,3,9.7%,342
5,738,D,1,153,31,31,31,70.5,150.2,11/3/21,05/25/22,31,0,17,31,18,18,58.1%,223
5,738,E,1,153,34,34,34,75,136.5,10/5/21,05/25/22,0,0,27,34,25,25,73.5%,342
5,738,F,1,153,58,35,35,78.5,145.3,10/5/21,05/25/22,0,0,55,35,34,34,97.1%,342
5,738,F,2,153,58,23,23,78.5,145.3,10/5/21,05/25/22,0,0,55,23,22,22,95.7%,342
5,738,G,1,153,32,32,32,79,145.3,10/5/21,05/25/22,0,32,19,32,22,20,62.5%,342
5,738,H,1,153,36,36,36,80,136.5,10/25/21,05/25/22,36,0,30,36,32,32,88.9%,239
5,738,I,1,257,35,36,36,76.5,150.5,10/25/21,05/25/22,0,0,32,36,33,33,91.7%,239
5,738,J,1,257,26,26,26,79.5,151.9,10/5/21,05/25/22,26,0,24,26,25,25,96.2%,342
5,738,K,1,257,30,30,30,79.5,151.9,10/5/21,05/25/22,0,0,19,30,19,19,63.3%,342
5,738,L,1,257,28,29,29,84,148.4,10/25/21,05/25/22,0,0,28,28,28,28,96.6%,239
5,738,M,1,257,35,33,34,85,164.7,10/12/21,05/25/22,0,0,22,20,23,23,69.7%,296
5,738,N,1,257,34,34,33,85,164.7,10/12/21,05/25/22,1,0,NA,33,33,33,97.1%,296
5,738,N,2,257,25,25,25,85,164.7,10/12/21,05/25/22,0,0,53,25,25,25,100.0%,296
5,740,A,1,313,0,0,0,73,137.2,10/12/21,05/25/22,0,0,0,NA,0,0,0.0%,296
5,740,B,1,36,56,35,35,89.5,175.6,10/5/21,05/25/22,35,0,29,35,29,29,82.9%,342
5,740,B,2,36,56,20,20,89.5,175.6,10/5/21,05/25/22,0,0,0,20,0,0,0.0%,342
5,740,C,1,134,5,5,5,59.5,137.7,10/25/21,05/25/22,0,0,0,5,0,0,0.0%,239
5,740,D,1,134,29,29,29,60,135.9,10/25/21,05/25/22,0,0,9,29,9,9,31.0%,239
5,740,E,1,134,14,14,14,63.5,142.8,11/3/21,05/25/22,0,0,0,14,0,0,0.0%,223
5,740,F,2,134,6,6,6,77,132.1,10/12/21,05/25/22,0,0,0,6,0,0,0.0%,296
5,740,G,1,134,28,25,25,79.5,143.8,10/12/21,05/25/22,0,0,17,25,17,17,68.0%,296
6,705,A,1,57,31,30,30,79,169.2,10/12/21,05/27/22,0,0,0,31,0,0,0.0%,312
6,705,B,1,137,2,2,2,70,157.4,10/25/21,05/27/22,0,0,0,2,0,0,0.0%,255
6,705,C,1,207,39,39,39,75,146.2,10/25/21,05/27/22,0,0,19,39,20,20,51.3%,255
6,705,D,1,305,3,3,3,38.5,110.9,10/12/21,05/27/22,0,0,0,3,0,0,0.0%,312
6,706,A,1,332,11,12,12,69,155.3,10/5/21,05/27/22,0,0,0,12,0,0,0.0%,358
6,706,B,1,332,39,39,39,86,150.9,11/3/21,05/27/22,0,0,0,39,0,0,0.0%,239
6,706,C,1,43,24,24,24,88.5,151.1,10/5/21,05/27/22,0,0,0,24,0,0,0.0%,358
6,708,A,1,154,26,26,26,81,154.8,11/3/21,05/27/22,0,0,0,26,0,0,0.0%,239
6,708,B,1,154,39,39,39,82.5,162.6,10/12/21,05/27/22,0,0,11,39,11,11,28.2%,312
6,708,C,1,154,0,0,0,85,160.6,10/5/21,05/27/22,0,0,0,0,0,0,0.0%,358
6,708,D,1,154,26,26,26,86,159.7,10/12/21,05/27/22,0,0,22,22,20,22,84.6%,312
6,708,E,1,154,23,25,24,90,151.3,10/25/21,05/27/22,1,0,4,24,0,0,0.0%,255
6,708,E,2,154,16,16,16,90,151.3,10/25/21,05/27/22,0,0,4,16,4,4,25.0%,255
6,715,A,1,6,29,22,22,58,142.2,10/12/21,05/27/22,0,0,21,22,21,21,95.5%,312
6,715,B,1,20,36,34,32,72,150.7,10/5/21,05/27/22,2,2,25,32,23,23,67.6%,358
6,715,C,1,283,36,29,23,76,124,10/12/21,05/27/22,6,0,27,21,20,22,75.9%,312
6,716,A,1,342,16,13,13,74.5,164.8,10/5/21,05/27/22,0,0,10,13,10,10,76.9%,358
6,716,B,1,22,16,16,16,82,145.6,10/5/21,05/27/22,0,0,12,16,10,10,62.5%,358
6,716,C,1,176,33,32,32,67,137.1,10/5/21,05/27/22,0,0,4,28,4,4,12.5%,358
6,716,D,1,265,36,34,32,73.5,126,10/12/21,05/27/22,2,0,35,32,32,32,94.1%,312
6,716,E,1,187,13,15,22,82.5,171.3,10/5/21,05/27/22,0,0,13,13,13,13,86.7%,358
6,716,F,1,187,34,31,31,83.5,178,10/5/21,05/27/22,0,0,25,31,25,25,80.6%,358
6,716,G,1,187,29,29,24,83.5,178,10/25/21,05/27/22,0,0,0,23,0,0,0.0%,255
6,716,H,1,187,27,25,22,83.5,178,10/5/21,05/27/22,1,0,14,23,13,13,52.0%,358
6,717,A,1,314,27,28,28,62.5,140.1,10/5/21,05/27/22,28,0,0,28,0,0,0.0%,358
6,717,B,1,161,11,11,11,64.5,147.8,10/12/21,05/27/22,0,0,11,11,11,11,100.0%,312
6,717,C,1,148,43,31,29,68.5,152.9,10/5/21,05/27/22,2,0,26,29,24,24,77.4%,358
6,717,D,1,124,22,22,22,69.5,140.8,10/12/21,05/27/22,22,0,19,22,18,18,81.8%,312
6,717,E,1,165,49,34,34,71,139.9,10/12/21,05/27/22,0,0,33,34,31,31,91.2%,312
6,717,E,2,165,49,19,19,71,139.9,10/12/21,05/27/22,0,0,33,19,0,0,0.0%,312
6,717,F,1,152,10,10,9,72.5,133.3,10/25/21,05/27/22,1,0,9,9,9,9,90.0%,255
6,717,G,1,85,30,30,30,83.5,133.7,10/5/21,05/27/22,0,0,10,29,9,10,33.3%,358
6,717,H,1,228,26,26,26,74.6,145.1,10/25/21,05/27/22,0,0,0,26,0,0,0.0%,255
6,717,I,1,228,23,23,23,73,145.1,11/3/21,05/27/22,0,0,0,23,0,0,0.0%,239
6,717,J,1,228,41,41,41,74,145.1,10/25/21,05/27/22,0,0,37,41,36,36,87.8%,255
6,717,K,1,278,39,40,40,84.5,167.6,10/12/21,05/27/22,0,0,39,40,40,40,100.0%,312
6,718,A,1,311,34,34,33,80,136.7,10/5/21,05/27/22,1,0,19,34,21,21,61.8%,358
6,718,B,1,311,37,37,37,85,149.7,10/25/21,05/27/22,0,0,0,37,0,0,0.0%,255
6,718,C,1,311,38,30,30,81,152.3,10/12/21,05/27/22,0,0,33,0,29,29,96.7%,312
6,718,D,1,311,32,30,30,93.5,153,10/25/21,05/27/22,0,0,18,30,18,18,60.0%,255
6,718,E,1,15,40,39,39,62.5,143.8,10/12/21,05/27/22,0,0,0,39,0,0,0.0%,312
6,718,F,1,15,42,41,41,64.5,146.1,10/12/21,05/27/22,0,0,1,41,1,1,2.4%,312
6,718,G,1,43,32,32,32,69.5,152.7,10/25/21,05/27/22,0,0,18,32,19,19,59.4%,255
6,718,H,1,43,35,36,36,70,152.7,10/25/21,05/27/22,0,0,0,36,0,0,0.0%,255
6,718,I,1,43,39,38,38,70,152.7,10/25/21,05/27/22,0,0,31,38,32,32,84.2%,255
6,718,J,1,43,31,21,21,71,152.7,10/25/21,05/27/22,21,2,0,18,0,0,0.0%,255
6,718,K,1,54,24,25,25,72,146.2,10/5/21,05/27/22,0,0,13,25,13,13,52.0%,358
6,718,L,1,54,28,29,29,72,146.2,10/5/21,05/27/22,0,0,20,29,21,21,72.4%,358
6,718,M,1,68,29,28,28,79,153.4,10/12/21,05/27/22,0,0,28,28,28,28,100.0%,312
6,718,N,1,110,16,16,16,69.5,161.2,10/5/21,05/27/22,0,0,7,16,6,6,37.5%,358
6,718,O,1,110,32,32,32,70,161.2,10/5/21,05/27/22,0,0,31,32,31,31,96.9%,358
6,718,P,1,64,19,19,19,77.5,150.4,10/25/21,05/27/22,0,0,0,0,0,0,0.0%,255
6,718,Q,1,64,12,12,12,78,150.4,10/25/21,05/27/22,0,0,9,12,9,9,75.0%,255
6,718,R,1,24,33,32,32,83,162.1,10/12/21,05/27/22,0,0,0,32,0,0,0.0%,312
6,718,S,1,24,40,35,35,83.5,169.8,10/25/21,05/27/22,35,0,51,35,0,0,0.0%,255
6,718,S,2,24,31,29,29,83.5,169.8,10/25/21,05/27/22,0,0,51,29,28,28,96.6%,255
6,718,S,3,24,42,36,36,83.5,169.8,10/25/21,05/27/22,0,0,51,36,23,23,63.9%,255
6,718,T,1,264,35,35,35,70.5,142.9,10/5/21,05/27/22,0,0,35,35,35,35,100.0%,358
6,718,U,1,264,22,20,17,71.5,149.1,10/25/21,05/27/22,4,0,0,17,1,1,5.0%,255
6,718,V,1,287,43,48,48,77,140.4,10/25/21,05/27/22,0,0,40,48,40,40,83.3%,255
6,727,A,1,152,8,8,8,79.5,165.5,10/25/21,05/27/22,0,0,5,8,5,7,87.5%,255
6,727,B,1,152,22,22,22,80.5,165.5,10/25/21,05/27/22,0,0,17,22,16,16,72.7%,255
6,727,C,1,283,3,3,3,80,121.3,11/3/21,05/27/22,0,0,0,3,0,0,0.0%,239
6,727,D,1,299,36,35,35,60,145.4,10/25/21,05/27/22,0,0,26,35,27,27,77.1%,255
6,727,E,1,299,10,10,10,71.5,141.5,10/12/21,05/27/22,0,0,8,10,8,8,80.0%,312
6,727,F,1,299,27,24,24,80.5,158.1,10/5/21,05/27/22,0,0,0,24,0,0,0.0%,358
6,727,G,1,299,23,22,22,83.5,127.9,10/5/21,05/27/22,0,0,0,22,4,4,18.2%,358
6,727,H,1,295,26,27,27,84,140.3,10/5/21,05/27/22,0,0,24,27,24,24,88.9%,358
6,727,I,1,295,28,30,30,87.5,139.4,10/5/21,05/27/22,0,0,30,30,30,30,100.0%,358
6,727,J,1,295,24,24,24,88,168,10/5/21,05/27/22,0,0,23,24,24,24,100.0%,358
6,727,K,1,295,32,31,31,88,168,10/5/21,05/27/22,0,0,27,,28,28,90.3%,358
6,737,A,1,16,22,18,18,81.5,142,10/5/21,05/27/22,0,0,0,18,0,0,0.0%,358
6,737,B,1,16,31,28,27,82.5,142,10/5/21,05/27/22,1,0,0,27,0,0,0.0%,358
6,737,C,1,220,32,31,31,69,164.4,10/12/21,05/27/22,0,0,30,31,30,30,96.8%,312
6,738,A,1,300,36,34,34,66.5,151.9,10/5/21,05/27/22,0,0,29,34,30,NA,NA,358
6,738,B,1,300,29,29,29,83.5,140.7,10/12/21,05/27/22,0,0,11,29,11,11,37.9%,312
6,738,C,1,153,32,31,31,64.5,155,10/5/21,05/27/22,0,0,16,31,16,16,51.6%,358
6,738,D,1,153,31,31,31,70.5,150.2,11/3/21,05/27/22,31,0,17,31,18,18,58.1%,239
6,738,E,1,153,34,34,34,75,136.5,10/5/21,05/27/22,0,0,27,34,28,28,82.4%,358
6,738,F,1,153,58,35,35,78.5,145.3,10/5/21,05/27/22,0,0,55,35,34,34,97.1%,358
6,738,F,2,153,58,23,23,78.5,145.3,10/5/21,05/27/22,0,0,55,23,23,23,100.0%,358
6,738,G,1,153,32,32,32,79,145.3,10/5/21,05/27/22,0,32,19,32,22,20,62.5%,358
6,738,H,1,153,36,36,36,80,136.5,10/25/21,05/27/22,36,0,32,36,32,32,88.9%,255
6,738,I,1,257,35,36,36,76.5,150.5,10/25/21,05/27/22,0,0,32,36,33,33,91.7%,255
6,738,J,1,257,26,26,26,79.5,151.9,10/5/21,05/27/22,26,0,24,26,25,25,96.2%,358
6,738,K,1,257,30,30,30,79.5,151.9,10/5/21,05/27/22,0,0,19,30,19,19,63.3%,358
6,738,L,1,257,28,29,29,84,148.4,10/25/21,05/27/22,0,0,28,28,28,28,96.6%,255
6,738,M,1,257,35,33,34,85,164.7,10/12/21,05/27/22,0,0,22,20,23,23,69.7%,312
6,738,N,1,257,34,34,33,85,164.7,10/12/21,05/27/22,1,0,53,33,33,33,97.1%,312
6,738,N,2,257,25,25,25,85,164.7,10/12/21,05/27/22,0,0,53,25,25,25,100.0%,312
6,740,A,1,313,0,0,0,73,137.2,10/12/21,05/27/22,0,0,0,NA,0,0,0.0%,312
6,740,B,1,36,56,35,35,89.5,175.6,10/5/21,05/27/22,35,0,29,35,29,29,82.9%,358
6,740,B,2,36,56,20,20,89.5,175.6,10/5/21,05/27/22,0,0,0,20,0,0,0.0%,358
6,740,C,1,134,5,5,5,59.5,137.7,10/25/21,05/27/22,0,0,0,5,0,0,0.0%,255
6,740,D,1,134,29,29,29,60,135.9,10/25/21,05/27/22,0,0,26,29,24,24,82.8%,255
6,740,E,1,134,14,14,14,63.5,142.8,11/3/21,05/27/22,0,0,0,14,0,0,0.0%,239
6,740,F,2,134,6,6,6,77,132.1,10/12/21,05/27/22,0,0,0,6,0,0,0.0%,312
6,740,G,1,134,28,25,25,79.5,143.8,10/12/21,05/27/22,0,0,18,25,17,17,68.0%,312
7,705,A,1,57,31,30,30,79,169.2,10/12/21,05/31/22,0,0,15,31,15,15,50.0%,357
7,705,B,1,137,2,2,2,70,157.4,10/25/21,05/31/22,0,0,0,2,0,0,0.0%,300
7,705,C,1,207,39,39,39,75,146.2,10/25/21,05/31/22,0,0,23,39,23,23,59.0%,300
7,705,D,1,305,3,3,3,38.5,110.9,10/12/21,05/31/22,0,0,0,3,0,0,0.0%,357
7,706,A,1,332,11,12,12,69,155.3,10/5/21,05/31/22,0,0,4,12,4,4,33.3%,403
7,706,B,1,332,39,39,39,86,150.9,11/3/21,05/31/22,0,0,31,39,31,31,79.5%,284
7,706,C,1,43,24,24,24,88.5,151.1,10/5/21,05/31/22,0,0,0,24,0,0,0.0%,403
7,708,A,1,154,26,26,26,81,154.8,11/3/21,05/31/22,0,0,0,26,0,0,0.0%,284
7,708,B,1,154,39,39,39,82.5,162.6,10/12/21,05/31/22,0,0,11,39,11,11,28.2%,357
7,708,C,1,154,0,0,0,85,160.6,10/5/21,05/31/22,0,0,0,0,0,0,0.0%,403
7,708,D,1,154,26,26,26,86,159.7,10/12/21,05/31/22,0,0,22,22,20,22,84.6%,357
7,708,E,1,154,23,25,24,90,151.3,10/25/21,05/31/22,1,0,4,24,0,0,0.0%,300
7,708,E,2,154,16,16,16,90,151.3,10/25/21,05/31/22,0,0,4,16,4,4,25.0%,300
7,715,A,1,6,29,22,22,58,142.2,10/12/21,05/31/22,0,0,22,22,21,21,95.5%,357
7,715,B,1,20,36,34,32,72,150.7,10/5/21,05/31/22,2,1,26,32,23,23,67.6%,403
7,715,C,1,283,36,29,23,76,124,10/12/21,05/31/22,6,3,27,20,20,22,75.9%,357
7,716,A,1,342,16,13,13,74.5,164.8,10/5/21,05/31/22,0,1,10,12,9,10,76.9%,403
7,716,B,1,22,16,16,16,82,145.6,10/5/21,05/31/22,0,0,12,16,10,10,62.5%,403
7,716,C,1,176,33,32,32,67,137.1,10/5/21,05/31/22,0,0,5,27,5,5,15.6%,403
7,716,D,1,265,36,34,32,73.5,126,10/12/21,05/31/22,2,0,35,32,32,32,94.1%,357
7,716,E,1,187,13,15,22,82.5,171.3,10/5/21,05/31/22,0,0,13,13,13,13,86.7%,403
7,716,F,1,187,34,31,31,83.5,178,10/5/21,05/31/22,0,0,25,31,27,27,87.1%,403
7,716,G,1,187,29,29,24,83.5,178,10/25/21,05/31/22,0,0,19,23,19,19,65.5%,300
7,716,H,1,187,27,25,22,83.5,178,10/5/21,05/31/22,1,0,14,23,13,13,52.0%,403
7,717,A,1,314,27,28,28,62.5,140.1,10/5/21,05/31/22,28,0,16,28,16,16,57.1%,403
7,717,B,1,161,11,11,11,64.5,147.8,10/12/21,05/31/22,0,0,11,11,11,11,100.0%,357
7,717,C,1,148,43,31,29,68.5,152.9,10/5/21,05/31/22,2,0,26,29,25,25,80.6%,403
7,717,D,1,124,22,22,22,69.5,140.8,10/12/21,05/31/22,22,0,19,22,18,18,81.8%,357
7,717,E,1,165,49,34,34,71,139.9,10/12/21,05/31/22,0,0,46,34,31,31,91.2%,357
7,717,E,2,165,49,19,19,71,139.9,10/12/21,05/31/22,0,0,46,19,14,14,73.7%,357
7,717,F,1,152,10,10,9,72.5,133.3,10/25/21,05/31/22,1,0,9,9,9,9,90.0%,300
7,717,G,1,85,30,30,30,83.5,133.7,10/5/21,05/31/22,0,0,10,29,10,10,33.3%,403
7,717,H,1,228,26,26,26,74.6,145.1,10/25/21,05/31/22,0,0,0,26,0,0,0.0%,300
7,717,I,1,228,23,23,23,73,145.1,11/3/21,05/31/22,0,0,11,23,7,7,30.4%,284
7,717,J,1,228,41,41,41,74,145.1,10/25/21,05/31/22,0,0,37,41,37,37,90.2%,300
7,717,K,1,278,39,40,40,84.5,167.6,10/12/21,05/31/22,0,0,39,40,40,40,100.0%,357
7,718,A,1,311,34,34,33,80,136.7,10/5/21,05/31/22,1,0,19,34,21,21,61.8%,403
7,718,B,1,311,37,37,37,85,149.7,10/25/21,05/31/22,0,0,37,37,36,36,97.3%,300
7,718,C,1,311,38,30,30,81,152.3,10/12/21,05/31/22,0,0,33,0,29,29,96.7%,357
7,718,D,1,311,32,30,30,93.5,153,10/25/21,05/31/22,0,0,18,30,18,18,60.0%,300
7,718,E,1,15,40,39,39,62.5,143.8,10/12/21,05/31/22,0,0,39,39,38,38,97.4%,357
7,718,F,1,15,42,41,41,64.5,146.1,10/12/21,05/31/22,0,0,38,41,37,37,90.2%,357
7,718,G,1,43,32,32,32,69.5,152.7,10/25/21,05/31/22,0,0,19,32,20,20,62.5%,300
7,718,H,1,43,35,36,36,70,152.7,10/25/21,05/31/22,0,0,18,36,18,18,50.0%,300
7,718,I,1,43,39,38,38,70,152.7,10/25/21,05/31/22,0,0,31,38,32,32,84.2%,300
7,718,J,1,43,31,21,21,71,152.7,10/25/21,05/31/22,21,0,9,0,7,7,33.3%,300
7,718,K,1,54,24,25,25,72,146.2,10/5/21,05/31/22,0,0,13,25,13,13,52.0%,403
7,718,L,1,54,28,29,29,72,146.2,10/5/21,05/31/22,0,0,22,29,21,21,72.4%,403
7,718,M,1,68,29,28,28,79,153.4,10/12/21,05/31/22,0,0,28,28,28,28,100.0%,357
7,718,N,1,110,16,16,16,69.5,161.2,10/5/21,05/31/22,0,0,8,16,6,6,37.5%,403
7,718,O,1,110,32,32,32,70,161.2,10/5/21,05/31/22,0,0,31,32,31,31,96.9%,403
7,718,P,1,64,19,19,19,77.5,150.4,10/25/21,05/31/22,0,0,0,0,0,0,0.0%,300
7,718,Q,1,64,12,12,12,78,150.4,10/25/21,05/31/22,0,0,9,12,9,9,75.0%,300
7,718,R,1,24,33,32,32,83,162.1,10/12/21,05/31/22,0,0,0,32,0,0,0.0%,357
7,718,S,1,24,40,35,35,83.5,169.8,10/25/21,05/31/22,35,0,26,35,26,26,74.3%,300
7,718,S,2,24,31,29,29,83.5,169.8,10/25/21,05/31/22,0,0,28,29,28,28,96.6%,300
7,718,S,3,24,42,36,36,83.5,169.8,10/25/21,05/31/22,0,0,35,36,36,36,100.0%,300
7,718,T,1,264,35,35,35,70.5,142.9,10/5/21,05/31/22,0,0,35,35,35,35,100.0%,403
7,718,U,1,264,22,20,17,71.5,149.1,10/25/21,05/31/22,4,0,5,17,5,5,25.0%,300
7,718,V,1,287,43,48,48,77,140.4,10/25/21,05/31/22,0,0,40,48,46,46,95.8%,300
7,727,A,1,152,8,8,8,79.5,165.5,10/25/21,05/31/22,0,0,5,8,5,7,87.5%,300
7,727,B,1,152,22,22,22,80.5,165.5,10/25/21,05/31/22,0,0,17,22,17,17,77.3%,300
7,727,C,1,283,3,3,3,80,121.3,11/3/21,05/31/22,0,0,0,3,0,0,0.0%,284
7,727,D,1,299,36,35,35,60,145.4,10/25/21,05/31/22,0,0,26,35,27,27,77.1%,300
7,727,E,1,299,10,10,10,71.5,141.5,10/12/21,05/31/22,0,0,8,10,8,8,80.0%,357
7,727,F,1,299,27,24,24,80.5,158.1,10/5/21,05/31/22,0,0,0,24,0,0,0.0%,403
7,727,G,1,299,23,22,22,83.5,127.9,10/5/21,05/31/22,0,0,0,22,4,4,18.2%,403
7,727,H,1,295,26,27,27,84,140.3,10/5/21,05/31/22,0,0,24,27,24,24,88.9%,403
7,727,I,1,295,28,30,30,87.5,139.4,10/5/21,05/31/22,0,0,30,30,30,30,100.0%,403
7,727,J,1,295,24,24,24,88,168,10/5/21,05/31/22,0,0,23,24,24,24,100.0%,403
7,727,K,1,295,32,31,31,88,168,10/5/21,05/31/22,0,0,28,,28,28,90.3%,403
7,737,A,1,16,22,18,18,81.5,142,10/5/21,05/31/22,0,0,4,18,4,4,22.2%,403
7,737,B,1,16,31,28,27,82.5,142,10/5/21,05/31/22,1,0,0,27,0,0,0.0%,403
7,737,C,1,220,32,31,31,69,164.4,10/12/21,05/31/22,0,0,30,31,30,30,96.8%,357
7,738,A,1,300,36,34,34,66.5,151.9,10/5/21,05/31/22,0,0,34,34,30,NA,NA,403
7,738,B,1,300,29,29,29,83.5,140.7,10/12/21,05/31/22,0,0,11,29,11,11,37.9%,357
7,738,C,1,153,32,31,31,64.5,155,10/5/21,05/31/22,0,0,16,31,16,16,51.6%,403
7,738,D,1,153,31,31,31,70.5,150.2,11/3/21,05/31/22,31,0,18,31,18,18,58.1%,284
7,738,E,1,153,34,34,34,75,136.5,10/5/21,05/31/22,0,0,28,34,28,28,82.4%,403
7,738,F,1,153,58,35,35,78.5,145.3,10/5/21,05/31/22,0,0,58,35,34,34,97.1%,403
7,738,F,2,153,58,23,23,78.5,145.3,10/5/21,05/31/22,0,0,58,23,23,23,100.0%,403
7,738,G,1,153,32,32,32,79,145.3,10/5/21,05/31/22,0,32,22,32,24,20,62.5%,403
7,738,H,1,153,36,36,36,80,136.5,10/25/21,05/31/22,36,1,32,35,32,32,88.9%,300
7,738,I,1,257,35,36,36,76.5,150.5,10/25/21,05/31/22,0,0,32,36,33,33,91.7%,300
7,738,J,1,257,26,26,26,79.5,151.9,10/5/21,05/31/22,26,1,26,25,25,25,96.2%,403
7,738,K,1,257,30,30,30,79.5,151.9,10/5/21,05/31/22,0,0,19,30,19,19,63.3%,403
7,738,L,1,257,28,29,29,84,148.4,10/25/21,05/31/22,0,0,28,28,28,28,96.6%,300
7,738,M,1,257,35,33,34,85,164.7,10/12/21,05/31/22,0,0,22,20,23,23,69.7%,357
7,738,N,1,257,34,34,33,85,164.7,10/12/21,05/31/22,1,0,55,33,33,33,97.1%,357
7,738,N,2,257,25,25,25,85,164.7,10/12/21,05/31/22,0,0,55,25,25,25,100.0%,357
7,740,A,1,313,0,0,0,73,137.2,10/12/21,05/31/22,0,0,0,,0,0,0.0%,357
7,740,B,1,36,56,35,35,89.5,175.6,10/5/21,05/31/22,35,0,29,35,29,29,82.9%,403
7,740,B,2,36,56,20,20,89.5,175.6,10/5/21,05/31/22,0,0,0,20,0,0,0.0%,403
7,740,C,1,134,5,5,5,59.5,137.7,10/25/21,05/31/22,0,0,0,5,0,0,0.0%,300
7,740,D,1,134,29,29,29,60,135.9,10/25/21,05/31/22,0,0,26,29,24,24,82.8%,300
7,740,E,1,134,14,14,14,63.5,142.8,11/3/21,05/31/22,0,0,4,14,4,4,28.6%,284
7,740,F,1,134,6,6,6,77,132.1,10/12/21,05/31/22,0,0,0,6,0,0,0.0%,357
7,740,G,1,134,28,25,25,79.5,143.8,10/12/21,05/31/22,0,0,20,25,18,18,72.0%,357
8,705,A,1,57,31,30,30,79,169.2,10/12/21,06/01/22,0,0,15,31,15,15,50.0%,370
8,705,B,1,137,2,2,2,70,157.4,10/25/21,06/01/22,0,0,0,2,0,0,0.0%,313
8,705,C,1,207,39,39,39,75,146.2,10/25/21,06/01/22,0,0,23,39,23,23,59.0%,313
8,705,D,1,305,3,3,3,38.5,110.9,10/12/21,06/01/22,0,0,0,3,0,0,0.0%,370
8,706,A,1,332,11,12,12,69,155.3,10/5/21,06/01/22,0,0,4,12,4,4,33.3%,416
8,706,B,1,332,39,39,39,86,150.9,11/3/21,06/01/22,0,0,34,39,35,35,89.7%,297
8,706,C,1,43,24,24,24,88.5,151.1,10/5/21,06/01/22,0,0,0,24,0,0,0.0%,416
8,708,A,1,154,26,26,26,81,154.8,11/3/21,06/01/22,0,0,0,26,0,0,0.0%,297
8,708,B,1,154,39,39,39,82.5,162.6,10/12/21,06/01/22,0,0,11,39,11,11,28.2%,370
8,708,C,1,154,0,0,0,85,160.6,10/5/21,06/01/22,0,0,0,0,0,0,0.0%,416
8,708,D,1,154,26,26,26,86,159.7,10/12/21,06/01/22,0,0,22,22,20,22,84.6%,370
8,708,E,1,154,23,25,24,90,151.3,10/25/21,06/01/22,1,0,4,24,0,0,0.0%,313
8,708,E,2,154,16,16,16,90,151.3,10/25/21,06/01/22,0,0,4,16,4,4,25.0%,313
8,715,A,1,6,29,22,22,58,142.2,10/12/21,06/01/22,0,1,22,22,21,21,95.5%,370
8,715,B,1,20,36,34,32,72,150.7,10/5/21,06/01/22,2,0,26,32,23,23,67.6%,416
8,715,C,1,283,36,29,23,76,124,10/12/21,06/01/22,6,0,27,20,20,22,75.9%,370
8,716,A,1,342,16,13,13,74.5,164.8,10/5/21,06/01/22,0,0,10,12,9,10,76.9%,416
8,716,B,1,22,16,16,16,82,145.6,10/5/21,06/01/22,0,0,13,16,10,10,62.5%,416
8,716,C,1,176,33,32,32,67,137.1,10/5/21,06/01/22,0,0,6,26,6,6,18.8%,416
8,716,D,1,265,36,34,32,73.5,126,10/12/21,06/01/22,2,1,35,31,31,32,94.1%,370
8,716,E,1,187,13,15,22,82.5,171.3,10/5/21,06/01/22,0,2,13,11,11,13,86.7%,416
8,716,F,1,187,34,31,31,83.5,178,10/5/21,06/01/22,0,0,25,31,27,27,87.1%,416
8,716,G,1,187,29,29,24,83.5,178,10/25/21,06/01/22,0,0,19,23,19,19,65.5%,313
8,716,H,1,187,27,25,22,83.5,178,10/5/21,06/01/22,1,0,14,23,13,13,52.0%,416
8,717,A,1,314,27,28,28,62.5,140.1,10/5/21,06/01/22,28,0,16,28,16,16,57.1%,416
8,717,B,1,161,11,11,11,64.5,147.8,10/12/21,06/01/22,0,0,11,11,11,11,100.0%,370
8,717,C,1,148,43,31,29,68.5,152.9,10/5/21,06/01/22,2,0,26,29,25,25,80.6%,416
8,717,D,1,124,22,22,22,69.5,140.8,10/12/21,06/01/22,22,0,20,22,19,19,86.4%,370
8,717,E,1,165,49,34,34,71,139.9,10/12/21,06/01/22,0,0,46,34,31,31,91.2%,370
8,717,E,2,165,49,19,19,71,139.9,10/12/21,06/01/22,0,0,46,19,14,14,73.7%,370
8,717,F,1,152,10,10,9,72.5,133.3,10/25/21,06/01/22,1,0,9,9,9,9,90.0%,313
8,717,G,1,85,30,30,30,83.5,133.7,10/5/21,06/01/22,0,0,10,29,10,10,33.3%,416
8,717,H,1,228,26,26,26,74.6,145.1,10/25/21,06/01/22,0,0,0,26,0,0,0.0%,313
8,717,I,1,228,23,23,23,73,145.1,11/3/21,06/01/22,0,0,11,23,9,9,39.1%,297
8,717,J,1,228,41,41,41,74,145.1,10/25/21,06/01/22,0,0,37,41,37,37,90.2%,313
8,717,K,1,278,39,40,40,84.5,167.6,10/12/21,06/01/22,0,0,39,40,40,40,100.0%,370
8,718,A,1,311,34,34,33,80,136.7,10/5/21,06/01/22,1,0,19,34,21,21,61.8%,416
8,718,B,1,311,37,37,37,85,149.7,10/25/21,06/01/22,0,0,37,37,36,36,97.3%,313
8,718,C,1,311,38,30,30,81,152.3,10/12/21,06/01/22,0,0,33,0,29,29,96.7%,370
8,718,D,1,311,32,30,30,93.5,153,10/25/21,06/01/22,0,0,18,30,18,18,60.0%,313
8,718,E,1,15,40,39,39,62.5,143.8,10/12/21,06/01/22,0,0,39,39,38,38,97.4%,370
8,718,F,1,15,42,41,41,64.5,146.1,10/12/21,06/01/22,0,0,38,41,37,37,90.2%,370
8,718,G,1,43,32,32,32,69.5,152.7,10/25/21,06/01/22,0,0,20,32,20,20,62.5%,313
8,718,H,1,43,35,36,36,70,152.7,10/25/21,06/01/22,0,0,18,36,18,18,50.0%,313
8,718,I,1,43,39,38,38,70,152.7,10/25/21,06/01/22,0,0,31,38,32,32,84.2%,313
8,718,J,1,43,31,21,21,71,152.7,10/25/21,06/01/22,21,0,9,0,7,7,33.3%,313
8,718,K,1,54,24,25,25,72,146.2,10/5/21,06/01/22,0,0,13,25,13,13,52.0%,416
8,718,L,1,54,28,29,29,72,146.2,10/5/21,06/01/22,0,0,23,29,21,21,72.4%,416
8,718,M,1,68,29,28,28,79,153.4,10/12/21,06/01/22,0,0,28,28,28,28,100.0%,370
8,718,N,1,110,16,16,16,69.5,161.2,10/5/21,06/01/22,0,0,8,16,6,6,37.5%,416
8,718,O,1,110,32,32,32,70,161.2,10/5/21,06/01/22,0,0,31,32,31,31,96.9%,416
8,718,P,1,64,19,19,19,77.5,150.4,10/25/21,06/01/22,0,0,0,0,0,0,0.0%,313
8,718,Q,1,64,12,12,12,78,150.4,10/25/21,06/01/22,0,0,9,12,9,9,75.0%,313
8,718,R,1,24,33,32,32,83,162.1,10/12/21,06/01/22,0,0,0,32,0,0,0.0%,370
8,718,S,1,24,40,35,35,83.5,169.8,10/25/21,06/01/22,35,0,26,35,28,28,80.0%,313
8,718,S,2,24,31,29,29,83.5,169.8,10/25/21,06/01/22,0,0,28,29,28,28,96.6%,313
8,718,S,3,24,42,36,36,83.5,169.8,10/25/21,06/01/22,0,0,35,36,36,36,100.0%,313
8,718,T,1,264,35,35,35,70.5,142.9,10/5/21,06/01/22,0,0,35,35,35,35,100.0%,416
8,718,U,1,264,22,20,17,71.5,149.1,10/25/21,06/01/22,4,0,5,17,5,5,25.0%,313
8,718,V,1,287,43,48,48,77,140.4,10/25/21,06/01/22,0,0,41,48,46,46,95.8%,313
8,727,A,1,152,8,8,8,79.5,165.5,10/25/21,06/01/22,0,0,5,8,5,7,87.5%,313
8,727,B,1,152,22,22,22,80.5,165.5,10/25/21,06/01/22,0,0,17,22,17,17,77.3%,313
8,727,C,1,283,3,3,3,80,121.3,11/3/21,06/01/22,0,0,0,3,0,0,0.0%,297
8,727,D,1,299,36,35,35,60,145.4,10/25/21,06/01/22,0,0,27,35,27,27,77.1%,313
8,727,E,1,299,10,10,10,71.5,141.5,10/12/21,06/01/22,0,0,8,10,8,8,80.0%,370
8,727,F,1,299,27,24,24,80.5,158.1,10/5/21,06/01/22,0,0,0,24,0,0,0.0%,416
8,727,G,1,299,23,22,22,83.5,127.9,10/5/21,06/01/22,0,0,0,22,4,4,18.2%,416
8,727,H,1,295,26,27,27,84,140.3,10/5/21,06/01/22,0,0,24,27,24,24,88.9%,416
8,727,I,1,295,28,30,30,87.5,139.4,10/5/21,06/01/22,0,0,30,30,30,30,100.0%,416
8,727,J,1,295,24,24,24,88,168,10/5/21,06/01/22,0,0,24,24,24,24,100.0%,416
8,727,K,1,295,32,31,31,88,168,10/5/21,06/01/22,0,0,28,,28,28,90.3%,416
8,737,A,1,16,22,18,18,81.5,142,10/5/21,06/01/22,0,0,4,18,4,4,22.2%,416
8,737,B,1,16,31,28,27,82.5,142,10/5/21,06/01/22,1,0,0,27,0,0,0.0%,416
8,737,C,1,220,32,31,31,69,164.4,10/12/21,06/01/22,0,0,30,31,30,30,96.8%,370
8,738,A,1,300,36,34,34,66.5,151.9,10/5/21,06/01/22,0,0,34,34,32,NA,NA,416
8,738,B,1,300,29,29,29,83.5,140.7,10/12/21,06/01/22,0,0,11,29,11,11,37.9%,370
8,738,C,1,153,32,31,31,64.5,155,10/5/21,06/01/22,0,0,16,31,16,16,51.6%,416
8,738,D,1,153,31,31,31,70.5,150.2,11/3/21,06/01/22,31,0,18,31,18,18,58.1%,297
8,738,E,1,153,34,34,34,75,136.5,10/5/21,06/01/22,0,0,28,34,28,28,82.4%,416
8,738,F,1,153,58,35,35,78.5,145.3,10/5/21,06/01/22,0,0,58,35,34,34,97.1%,416
8,738,F,2,153,58,23,23,78.5,145.3,10/5/21,06/01/22,0,0,58,23,23,23,100.0%,416
8,738,G,1,153,32,32,32,79,145.3,10/5/21,06/01/22,0,32,22,32,24,20,62.5%,416
8,738,H,1,153,36,36,36,80,136.5,10/25/21,06/01/22,36,0,32,35,32,32,88.9%,313
8,738,I,1,257,35,36,36,76.5,150.5,10/25/21,06/01/22,0,0,32,36,33,33,91.7%,313
8,738,J,1,257,26,26,26,79.5,151.9,10/5/21,06/01/22,26,0,26,25,25,25,96.2%,416
8,738,K,1,257,30,30,30,79.5,151.9,10/5/21,06/01/22,0,0,19,30,19,19,63.3%,416
8,738,L,1,257,28,29,29,84,148.4,10/25/21,06/01/22,0,0,28,28,28,28,96.6%,313
8,738,M,1,257,35,29,34,85,164.7,10/12/21,06/01/22,0,4,22,20,23,23,79.3%,370
8,738,N,1,257,34,34,33,85,164.7,10/12/21,06/01/22,1,0,55,33,33,33,97.1%,370
8,738,N,2,257,25,25,25,85,164.7,10/12/21,06/01/22,0,0,55,25,25,25,100.0%,370
8,740,A,1,313,0,0,0,73,137.2,10/12/21,06/01/22,0,0,0,NA,0,0,0.0%,370
8,740,B,1,36,56,35,35,89.5,175.6,10/5/21,06/01/22,35,0,29,35,29,29,82.9%,416
8,740,B,2,36,56,20,20,89.5,175.6,10/5/21,06/01/22,0,0,0,20,0,0,0.0%,416
8,740,C,1,134,5,5,5,59.5,137.7,10/25/21,06/01/22,0,0,0,5,0,0,0.0%,313
8,740,D,1,134,29,29,29,60,135.9,10/25/21,06/01/22,0,0,26,29,24,24,82.8%,313
8,740,E,1,134,14,14,14,63.5,142.8,11/3/21,06/01/22,0,0,4,14,4,4,28.6%,297
8,740,F,1,134,6,6,6,77,132.1,10/12/21,06/01/22,0,0,0,6,0,0,0.0%,370
8,740,G,1,134,28,25,25,79.5,143.8,10/12/21,06/01/22,0,0,20,25,18,18,72.0%,370
9,705,A,1,57,31,30,30,79,169.2,10/12/21,06/03/22,0,0,16,31,16,16,53.3%,389
9,705,B,1,137,2,2,2,70,157.4,10/25/21,06/03/22,0,0,0,2,0,0,0.0%,332
9,705,C,1,207,39,39,39,75,146.2,10/25/21,06/03/22,0,0,24,39,24,24,61.5%,332
9,705,D,1,305,3,3,3,38.5,110.9,10/12/21,06/03/22,0,1,0,2,0,0,0.0%,389
9,706,A,1,332,11,12,12,69,155.3,10/5/21,06/03/22,0,0,4,12,4,4,33.3%,435
9,706,B,1,332,39,39,39,86,150.9,11/3/21,06/03/22,0,0,34,39,35,35,89.7%,316
9,706,C,1,43,24,24,24,88.5,151.1,10/5/21,06/03/22,0,0,0,24,0,0,0.0%,435
9,708,A,1,154,26,26,26,81,154.8,11/3/21,06/03/22,0,0,0,26,0,0,0.0%,316
9,708,B,1,154,39,39,39,82.5,162.6,10/12/21,06/03/22,0,0,11,39,11,11,28.2%,389
9,708,C,1,154,0,0,0,85,160.6,10/5/21,06/03/22,0,0,0,0,0,0,0.0%,435
9,708,D,1,154,26,26,26,86,159.7,10/12/21,06/03/22,0,0,22,22,20,22,84.6%,389
9,708,E,1,154,23,25,24,90,151.3,10/25/21,06/03/22,1,6,4,19,10,10,40.0%,332
9,708,E,2,154,16,16,16,90,151.3,10/25/21,06/03/22,0,0,4,16,4,4,25.0%,332
9,715,A,1,6,29,22,22,58,142.2,10/12/21,06/03/22,0,1,22,22,21,21,95.5%,389
9,715,B,1,20,36,34,32,72,150.7,10/5/21,06/03/22,2,0,26,32,23,23,67.6%,435
9,715,C,1,283,36,29,23,76,124,10/12/21,06/03/22,6,0,27,20,20,22,75.9%,389
9,716,A,1,342,16,13,13,74.5,164.8,10/5/21,06/03/22,0,0,10,12,9,10,76.9%,435
9,716,B,1,22,16,16,16,82,145.6,10/5/21,06/03/22,0,0,15,16,10,10,62.5%,435
9,716,C,1,176,33,32,32,67,137.1,10/5/21,06/03/22,0,0,5,26,6,6,18.8%,435
9,716,D,1,265,36,34,32,73.5,126,10/12/21,06/03/22,2,0,35,31,32,32,94.1%,389
9,716,E,1,187,13,15,22,82.5,171.3,10/5/21,06/03/22,0,0,13,11,11,13,86.7%,435
9,716,F,1,187,34,31,31,83.5,178,10/5/21,06/03/22,0,0,28,31,27,27,87.1%,435
9,716,G,1,187,29,29,24,83.5,178,10/25/21,06/03/22,0,1,22,23,21,22,75.9%,332
9,716,H,1,187,27,25,22,83.5,178,10/5/21,06/03/22,1,0,14,23,13,13,52.0%,435
9,717,A,1,314,27,28,28,62.5,140.1,10/5/21,06/03/22,28,0,17,28,16,16,57.1%,435
9,717,B,1,161,11,11,11,64.5,147.8,10/12/21,06/03/22,0,0,11,11,11,11,100.0%,389
9,717,C,1,148,43,31,29,68.5,152.9,10/5/21,06/03/22,2,0,28,29,25,25,80.6%,435
9,717,D,1,124,22,22,22,69.5,140.8,10/12/21,06/03/22,22,0,20,22,19,19,86.4%,389
9,717,E,1,165,49,34,34,71,139.9,10/12/21,06/03/22,0,0,46,34,31,31,91.2%,389
9,717,E,2,165,49,19,19,71,139.9,10/12/21,06/03/22,0,0,46,19,14,14,73.7%,389
9,717,F,1,152,10,10,9,72.5,133.3,10/25/21,06/03/22,1,0,9,9,9,9,90.0%,332
9,717,G,1,85,30,30,30,83.5,133.7,10/5/21,06/03/22,0,2,10,27,10,10,33.3%,435
9,717,H,1,228,26,26,26,74.6,145.1,10/25/21,06/03/22,0,0,0,26,0,0,0.0%,332
9,717,I,1,228,23,23,23,73,145.1,11/3/21,06/03/22,0,0,11,23,9,9,39.1%,316
9,717,J,1,228,41,41,41,74,145.1,10/25/21,06/03/22,0,0,38,41,38,38,92.7%,332
9,717,K,1,278,39,40,40,84.5,167.6,10/12/21,06/03/22,0,0,39,40,40,40,100.0%,389
9,718,A,1,311,34,34,33,80,136.7,10/5/21,06/03/22,1,0,22,34,21,21,61.8%,435
9,718,B,1,311,37,37,37,85,149.7,10/25/21,06/03/22,0,0,37,37,36,36,97.3%,332
9,718,C,1,311,38,30,30,81,152.3,10/12/21,06/03/22,0,0,33,0,29,29,96.7%,389
9,718,D,1,311,32,30,30,93.5,153,10/25/21,06/03/22,0,0,18,30,18,18,60.0%,332
9,718,E,1,15,40,39,39,62.5,143.8,10/12/21,06/03/22,0,0,39,39,38,38,97.4%,389
9,718,F,1,15,42,41,41,64.5,146.1,10/12/21,06/03/22,0,0,38,41,37,37,90.2%,389
9,718,G,1,43,32,32,32,69.5,152.7,10/25/21,06/03/22,0,0,20,32,20,20,62.5%,332
9,718,H,1,43,35,36,36,70,152.7,10/25/21,06/03/22,0,0,18,36,19,19,52.8%,332
9,718,I,1,43,39,38,38,70,152.7,10/25/21,06/03/22,0,0,31,38,32,32,84.2%,332
9,718,J,1,43,31,21,21,71,152.7,10/25/21,06/03/22,21,0,12,0,7,7,33.3%,332
9,718,K,1,54,24,25,25,72,146.2,10/5/21,06/03/22,0,0,13,25,13,13,52.0%,435
9,718,L,1,54,28,29,29,72,146.2,10/5/21,06/03/22,0,0,23,29,21,21,72.4%,435
9,718,M,1,68,29,28,28,79,153.4,10/12/21,06/03/22,0,0,28,28,28,28,100.0%,389
9,718,N,1,110,16,16,16,69.5,161.2,10/5/21,06/03/22,0,0,8,16,6,6,37.5%,435
9,718,O,1,110,32,32,32,70,161.2,10/5/21,06/03/22,0,0,31,32,31,31,96.9%,435
9,718,P,1,64,19,19,19,77.5,150.4,10/25/21,06/03/22,0,0,0,0,0,0,0.0%,332
9,718,Q,1,64,12,12,12,78,150.4,10/25/21,06/03/22,0,0,9,12,9,9,75.0%,332
9,718,R,1,24,33,32,32,83,162.1,10/12/21,06/03/22,0,0,0,32,0,0,0.0%,389
9,718,S,1,24,40,35,35,83.5,169.8,10/25/21,06/03/22,35,0,28,35,28,28,80.0%,332
9,718,S,2,24,31,29,29,83.5,169.8,10/25/21,06/03/22,0,0,28,29,28,28,96.6%,332
9,718,S,3,24,42,36,36,83.5,169.8,10/25/21,06/03/22,0,0,36,36,36,36,100.0%,332
9,718,T,1,264,35,35,35,70.5,142.9,10/5/21,06/03/22,0,0,35,35,35,35,100.0%,435
9,718,U,1,264,22,20,17,71.5,149.1,10/25/21,06/03/22,4,0,5,17,5,5,25.0%,332
9,718,V,1,287,43,48,48,77,140.4,10/25/21,06/03/22,0,0,41,48,46,46,95.8%,332
9,727,A,1,152,8,8,8,79.5,165.5,10/25/21,06/03/22,0,0,5,8,5,7,87.5%,332
9,727,B,1,152,22,22,22,80.5,165.5,10/25/21,06/03/22,0,0,17,22,17,17,77.3%,332
9,727,C,1,283,3,3,3,80,121.3,11/3/21,06/03/22,0,0,0,3,0,0,0.0%,316
9,727,D,1,299,36,35,35,60,145.4,10/25/21,06/03/22,0,0,28,35,27,27,77.1%,332
9,727,E,1,299,10,10,10,71.5,141.5,10/12/21,06/03/22,0,0,8,10,8,8,80.0%,389
9,727,F,1,299,27,24,24,80.5,158.1,10/5/21,06/03/22,0,0,0,24,0,0,0.0%,435
9,727,G,1,299,23,22,22,83.5,127.9,10/5/21,06/03/22,0,0,0,22,4,4,18.2%,435
9,727,H,1,295,26,27,27,84,140.3,10/5/21,06/03/22,0,0,24,27,24,24,88.9%,435
9,727,I,1,295,28,30,30,87.5,139.4,10/5/21,06/03/22,0,0,30,30,30,30,100.0%,435
9,727,J,1,295,24,24,24,88,168,10/5/21,06/03/22,0,0,24,24,24,24,100.0%,435
9,727,K,1,295,32,31,31,88,168,10/5/21,06/03/22,0,0,28,NA,28,28,90.3%,435
9,737,A,1,16,22,18,18,81.5,142,10/5/21,06/03/22,0,0,4,18,4,4,22.2%,435
9,737,B,1,16,31,28,27,82.5,142,10/5/21,06/03/22,1,0,0,27,0,0,0.0%,435
9,737,C,1,220,32,31,31,69,164.4,10/12/21,06/03/22,0,0,30,31,30,30,96.8%,389
9,738,A,1,300,36,34,34,66.5,151.9,10/5/21,06/03/22,0,0,34,34,32,NA,NA,435
9,738,B,1,300,29,29,29,83.5,140.7,10/12/21,06/03/22,0,0,11,29,11,11,37.9%,389
9,738,C,1,153,32,31,31,64.5,155,10/5/21,06/03/22,0,0,16,31,16,16,51.6%,435
9,738,D,1,153,31,31,31,70.5,150.2,11/3/21,06/03/22,31,0,18,31,18,18,58.1%,316
9,738,E,1,153,34,34,34,75,136.5,10/5/21,06/03/22,0,0,29,34,28,28,82.4%,435
9,738,F,1,153,58,35,35,78.5,145.3,10/5/21,06/03/22,0,0,58,35,34,34,97.1%,435
9,738,F,2,153,58,23,23,78.5,145.3,10/5/21,06/03/22,0,0,58,23,23,23,100.0%,435
9,738,G,1,153,32,32,32,79,145.3,10/5/21,06/03/22,0,32,22,32,24,20,62.5%,435
9,738,H,1,153,36,36,36,80,136.5,10/25/21,06/03/22,36,0,34,35,32,32,88.9%,332
9,738,I,1,257,35,36,36,76.5,150.5,10/25/21,06/03/22,0,0,33,36,33,33,91.7%,332
9,738,J,1,257,26,26,26,79.5,151.9,10/5/21,06/03/22,26,0,26,25,25,25,96.2%,435
9,738,K,1,257,30,26,30,79.5,151.9,10/5/21,06/03/22,0,4,19,26,15,19,73.1%,435
9,738,L,1,257,28,29,29,84,148.4,10/25/21,06/03/22,0,0,28,28,28,28,96.6%,332
9,738,M,1,257,35,29,34,85,164.7,10/12/21,06/03/22,0,0,22,20,23,23,79.3%,389
9,738,N,1,257,34,34,33,85,164.7,10/12/21,06/03/22,1,0,55,33,33,33,97.1%,389
9,738,N,2,257,25,25,25,85,164.7,10/12/21,06/03/22,0,0,55,25,25,25,100.0%,389
9,740,A,1,313,0,0,0,73,137.2,10/12/21,06/03/22,0,0,0,NA,0,0,0.0%,389
9,740,B,1,36,56,35,35,89.5,175.6,10/5/21,06/03/22,35,0,29,35,29,29,82.9%,435
9,740,B,2,36,56,20,20,89.5,175.6,10/5/21,06/03/22,0,0,0,20,0,0,0.0%,435
9,740,C,1,134,5,5,5,59.5,137.7,10/25/21,06/03/22,0,0,0,5,0,0,0.0%,332
9,740,D,1,134,29,29,29,60,135.9,10/25/21,06/03/22,0,0,26,29,24,24,82.8%,332
9,740,E,1,134,14,14,14,63.5,142.8,11/3/21,06/03/22,0,0,4,14,4,4,28.6%,316
9,740,F,1,134,6,6,6,77,132.1,10/12/21,06/03/22,0,0,0,6,0,0,0.0%,389
9,740,G,1,134,28,25,25,79.5,143.8,10/12/21,06/03/22,0,0,20,25,21,21,84.0%,389
10,705,A,1,57,31,30,30,79,169.2,10/12/21,06/06/22,0,0,16,31,16,16,53.3%,414
10,705,B,1,137,2,2,2,70,157.4,10/25/21,06/06/22,0,0,0,2,0,0,0.0%,357
10,705,C,1,207,39,39,39,75,146.2,10/25/21,06/06/22,0,0,25,39,25,25,64.1%,357
10,705,D,1,305,3,3,3,38.5,110.9,10/12/21,06/06/22,0,0,0,2,0,0,0.0%,414
10,706,A,1,332,11,12,12,69,155.3,10/5/21,06/06/22,0,0,11,12,12,12,100.0%,460
10,706,B,1,332,39,39,39,86,150.9,11/3/21,06/06/22,0,0,34,39,35,35,89.7%,341
10,706,C,1,43,24,24,24,88.5,151.1,10/5/21,06/06/22,0,0,0,24,0,0,0.0%,460
10,708,A,1,154,26,26,26,81,154.8,11/3/21,06/06/22,0,0,0,26,0,0,0.0%,341
10,708,B,1,154,39,39,39,82.5,162.6,10/12/21,06/06/22,0,0,12,39,11,11,28.2%,414
10,708,C,1,154,0,0,0,85,160.6,10/5/21,06/06/22,0,0,0,0,0,0,0.0%,460
10,708,D,1,154,26,26,26,86,159.7,10/12/21,06/06/22,0,0,20,22,20,22,84.6%,414
10,708,E,1,154,23,25,24,90,151.3,10/25/21,06/06/22,1,0,28,19,10,10,40.0%,357
10,708,E,2,154,16,16,16,90,151.3,10/25/21,06/06/22,0,0,28,16,4,4,25.0%,357
10,715,A,1,6,29,22,22,58,142.2,10/12/21,06/06/22,0,1,22,22,21,21,95.5%,414
10,715,B,1,20,36,34,32,72,150.7,10/5/21,06/06/22,2,0,26,32,23,23,67.6%,460
10,715,C,1,283,36,29,23,76,124,10/12/21,06/06/22,6,0,27,20,20,22,75.9%,414
10,716,A,1,342,16,13,13,74.5,164.8,10/5/21,06/06/22,0,0,10,12,9,10,76.9%,460
10,716,B,1,22,16,16,16,82,145.6,10/5/21,06/06/22,0,0,15,16,10,10,62.5%,460
10,716,C,1,176,33,32,32,67,137.1,10/5/21,06/06/22,0,0,6,26,6,6,18.8%,460
10,716,D,1,265,36,34,32,73.5,126,10/12/21,06/06/22,2,0,35,31,32,32,94.1%,414
10,716,E,1,187,13,15,22,82.5,171.3,10/5/21,06/06/22,0,0,13,11,11,13,86.7%,460
10,716,F,1,187,34,31,31,83.5,178,10/5/21,06/06/22,0,0,29,31,27,27,87.1%,460
10,716,G,1,187,29,29,24,83.5,178,10/25/21,06/06/22,0,2,22,21,21,22,75.9%,357
10,716,H,1,187,27,25,22,83.5,178,10/5/21,06/06/22,1,0,14,23,13,13,52.0%,460
10,717,A,1,314,27,28,28,62.5,140.1,10/5/21,06/06/22,28,0,17,28,16,16,57.1%,460
10,717,B,1,161,11,11,11,64.5,147.8,10/12/21,06/06/22,0,0,11,11,11,11,100.0%,414
10,717,C,1,148,43,31,29,68.5,152.9,10/5/21,06/06/22,2,0,28,29,25,25,80.6%,460
10,717,D,1,124,22,22,22,69.5,140.8,10/12/21,06/06/22,22,1,20,21,19,19,86.4%,414
10,717,E,1,165,49,34,34,71,139.9,10/12/21,06/06/22,0,0,46,34,31,31,91.2%,414
10,717,E,2,165,49,19,19,71,139.9,10/12/21,06/06/22,0,0,46,19,14,14,73.7%,414
10,717,F,1,152,10,10,9,72.5,133.3,10/25/21,06/06/22,1,0,9,9,9,9,90.0%,357
10,717,G,1,85,30,30,30,83.5,133.7,10/5/21,06/06/22,0,0,16,27,10,10,33.3%,460
10,717,H,1,228,26,26,26,74.6,145.1,10/25/21,06/06/22,0,0,0,26,0,0,0.0%,357
10,717,I,1,228,23,23,23,73,145.1,11/3/21,06/06/22,0,0,11,23,9,9,39.1%,341
10,717,J,1,228,41,41,41,74,145.1,10/25/21,06/06/22,0,0,39,41,38,38,92.7%,357
10,717,K,1,278,39,40,40,84.5,167.6,10/12/21,06/06/22,0,0,39,40,40,40,100.0%,414
10,718,A,1,311,34,34,33,80,136.7,10/5/21,06/06/22,1,0,22,34,21,21,61.8%,460
10,718,B,1,311,37,37,37,85,149.7,10/25/21,06/06/22,0,0,37,37,36,36,97.3%,357
10,718,C,1,311,38,30,30,81,152.3,10/12/21,06/06/22,0,0,33,0,29,29,96.7%,414
10,718,D,1,311,32,30,30,93.5,153,10/25/21,06/06/22,0,0,18,30,18,18,60.0%,357
10,718,E,1,15,40,39,39,62.5,143.8,10/12/21,06/06/22,0,0,39,39,38,38,97.4%,414
10,718,F,1,15,42,41,41,64.5,146.1,10/12/21,06/06/22,0,0,38,41,37,37,90.2%,414
10,718,G,1,43,32,32,32,69.5,152.7,10/25/21,06/06/22,0,0,20,32,20,20,62.5%,357
10,718,H,1,43,35,36,36,70,152.7,10/25/21,06/06/22,0,0,18,36,19,19,52.8%,357
10,718,I,1,43,39,38,38,70,152.7,10/25/21,06/06/22,0,0,31,38,32,32,84.2%,357
10,718,J,1,43,31,21,21,71,152.7,10/25/21,06/06/22,21,0,12,0,7,7,33.3%,357
10,718,K,1,54,24,25,25,72,146.2,10/5/21,06/06/22,0,0,13,25,13,13,52.0%,460
10,718,L,1,54,28,29,29,72,146.2,10/5/21,06/06/22,0,0,23,29,21,21,72.4%,460
10,718,M,1,68,29,28,28,79,153.4,10/12/21,06/06/22,0,0,28,28,28,28,100.0%,414
10,718,N,1,110,16,16,16,69.5,161.2,10/5/21,06/06/22,0,0,8,16,6,6,37.5%,460
10,718,O,1,110,32,32,32,70,161.2,10/5/21,06/06/22,0,0,31,32,31,31,96.9%,460
10,718,P,1,64,19,19,19,77.5,150.4,10/25/21,06/06/22,0,0,0,0,0,0,0.0%,357
10,718,Q,1,64,12,12,12,78,150.4,10/25/21,06/06/22,0,0,9,12,9,9,75.0%,357
10,718,R,1,24,33,32,32,83,162.1,10/12/21,06/06/22,0,0,0,32,0,0,0.0%,414
10,718,S,1,24,40,35,35,83.5,169.8,10/25/21,06/06/22,35,0,29,35,28,28,80.0%,357
10,718,S,2,24,31,29,29,83.5,169.8,10/25/21,06/06/22,0,0,28,29,28,28,96.6%,357
10,718,S,3,24,42,36,36,83.5,169.8,10/25/21,06/06/22,0,0,36,36,36,36,100.0%,357
10,718,T,1,264,35,35,35,70.5,142.9,10/5/21,06/06/22,0,0,35,35,35,35,100.0%,460
10,718,U,1,264,22,20,17,71.5,149.1,10/25/21,06/06/22,4,0,22,17,5,5,25.0%,357
10,718,V,1,287,43,48,48,77,140.4,10/25/21,06/06/22,0,0,41,48,46,46,95.8%,357
10,727,A,1,152,8,8,8,79.5,165.5,10/25/21,06/06/22,0,0,7,8,5,7,87.5%,357
10,727,B,1,152,22,22,22,80.5,165.5,10/25/21,06/06/22,0,0,17,22,17,17,77.3%,357
10,727,C,1,283,3,3,3,80,121.3,11/3/21,06/06/22,0,0,0,3,0,0,0.0%,341
10,727,D,1,299,36,35,35,60,145.4,10/25/21,06/06/22,0,0,28,35,27,27,77.1%,357
10,727,E,1,299,10,10,10,71.5,141.5,10/12/21,06/06/22,0,0,8,10,8,8,80.0%,414
10,727,F,1,299,27,24,24,80.5,158.1,10/5/21,06/06/22,0,0,0,24,0,0,0.0%,460
10,727,G,1,299,23,22,22,83.5,127.9,10/5/21,06/06/22,0,0,0,22,4,4,18.2%,460
10,727,H,1,295,26,27,27,84,140.3,10/5/21,06/06/22,0,0,24,27,24,24,88.9%,460
10,727,I,1,295,28,30,30,87.5,139.4,10/5/21,06/06/22,0,0,30,30,30,30,100.0%,460
10,727,J,1,295,24,24,24,88,168,10/5/21,06/06/22,0,0,24,24,24,24,100.0%,460
10,727,K,1,295,32,31,31,88,168,10/5/21,06/06/22,0,0,28,NA,28,28,90.3%,460
10,737,A,1,16,22,18,18,81.5,142,10/5/21,06/06/22,0,0,4,18,4,4,22.2%,460
10,737,B,1,16,31,28,27,82.5,142,10/5/21,06/06/22,1,0,0,27,0,0,0.0%,460
10,737,C,1,220,32,31,31,69,164.4,10/12/21,06/06/22,0,0,30,31,30,30,96.8%,414
10,738,A,1,300,36,34,34,66.5,151.9,10/5/21,06/06/22,0,0,34,34,32,NA,NA,460
10,738,B,1,300,29,29,29,83.5,140.7,10/12/21,06/06/22,0,0,12,29,11,11,37.9%,414
10,738,C,1,153,32,31,31,64.5,155,10/5/21,06/06/22,0,0,16,31,16,16,51.6%,460
10,738,D,1,153,31,31,31,70.5,150.2,11/3/21,06/06/22,31,0,18,31,18,18,58.1%,341
10,738,E,1,153,34,34,34,75,136.5,10/5/21,06/06/22,0,0,30,34,28,28,82.4%,460
10,738,F,1,153,58,35,35,78.5,145.3,10/5/21,06/06/22,0,0,58,35,34,34,97.1%,460
10,738,F,2,153,58,23,23,78.5,145.3,10/5/21,06/06/22,0,0,58,23,23,23,100.0%,460
10,738,G,1,153,32,32,32,79,145.3,10/5/21,06/06/22,0,32,23,32,24,20,62.5%,460
10,738,H,1,153,36,36,36,80,136.5,10/25/21,06/06/22,36,0,34,35,32,32,88.9%,357
10,738,I,1,257,35,36,36,76.5,150.5,10/25/21,06/06/22,0,0,33,36,33,33,91.7%,357
10,738,J,1,257,26,26,26,79.5,151.9,10/5/21,06/06/22,26,0,26,25,25,25,96.2%,460
10,738,K,1,257,30,26,30,79.5,151.9,10/5/21,06/06/22,0,0,19,26,15,19,73.1%,460
10,738,L,1,257,28,29,29,84,148.4,10/25/21,06/06/22,0,0,28,28,28,28,96.6%,357
10,738,M,1,257,35,29,34,85,164.7,10/12/21,06/06/22,0,0,22,20,23,23,79.3%,414
10,738,N,1,257,34,34,33,85,164.7,10/12/21,06/06/22,1,0,55,33,33,33,97.1%,414
10,738,N,2,257,25,25,25,85,164.7,10/12/21,06/06/22,0,0,55,25,25,25,100.0%,414
10,740,A,1,313,0,0,0,73,137.2,10/12/21,06/06/22,0,0,0,NA,0,0,0.0%,414
10,740,B,1,36,56,35,35,89.5,175.6,10/5/21,06/06/22,35,0,29,35,29,29,82.9%,460
10,740,B,2,36,56,20,20,89.5,175.6,10/5/21,06/06/22,0,0,0,20,0,0,0.0%,460
10,740,C,1,134,5,5,5,59.5,137.7,10/25/21,06/06/22,0,0,0,5,0,0,0.0%,357
10,740,D,1,134,29,29,29,60,135.9,10/25/21,06/06/22,0,0,26,29,24,24,82.8%,357
10,740,E,1,134,14,14,14,63.5,142.8,11/3/21,06/06/22,0,0,4,14,4,4,28.6%,341
10,740,F,1,134,6,6,6,77,132.1,10/12/21,06/06/22,0,0,0,6,0,0,0.0%,414
10,740,G,1,134,28,25,25,79.5,143.8,10/12/21,06/06/22,0,0,20,25,21,21,84.0%,414
11,705,A,1,57,31,30,30,79,169.2,10/12/21,06/08/22,0,0,16,31,16,16,53.3%,436
11,705,B,1,137,2,2,2,70,157.4,10/25/21,06/08/22,0,0,0,2,0,0,0.0%,379
11,705,C,1,207,39,39,39,75,146.2,10/25/21,06/08/22,0,0,25,39,25,25,64.1%,379
11,705,D,1,305,3,3,3,38.5,110.9,10/12/21,06/08/22,0,0,0,2,0,0,0.0%,436
11,706,A,1,332,11,12,12,69,155.3,10/5/21,06/08/22,0,0,11,12,12,12,100.0%,482
11,706,B,1,332,39,39,39,86,150.9,11/3/21,06/08/22,0,0,34,39,35,35,89.7%,363
11,706,C,1,43,24,21,24,88.5,151.1,10/5/21,06/08/22,0,3,0,21,0,0,0.0%,482
11,708,A,1,154,26,26,26,81,154.8,11/3/21,06/08/22,0,0,0,26,0,0,0.0%,363
11,708,B,1,154,39,39,39,82.5,162.6,10/12/21,06/08/22,0,0,12,39,11,11,28.2%,436
11,708,C,1,154,0,0,0,85,160.6,10/5/21,06/08/22,0,0,0,0,0,0,0.0%,482
11,708,D,1,154,26,26,26,86,159.7,10/12/21,06/08/22,0,0,20,22,20,22,84.6%,436
11,708,E,1,154,23,25,24,90,151.3,10/25/21,06/08/22,1,0,28,19,10,10,40.0%,379
11,708,E,2,154,16,16,16,90,151.3,10/25/21,06/08/22,0,0,28,16,4,4,25.0%,379
11,715,A,1,6,29,22,22,58,142.2,10/12/21,06/08/22,0,1,22,22,21,21,95.5%,436
11,715,B,1,20,36,30,32,72,150.7,10/5/21,06/08/22,2,0,26,32,23,23,76.7%,482
11,715,C,1,283,36,29,23,76,124,10/12/21,06/08/22,6,0,27,20,20,22,75.9%,436
11,716,A,1,342,16,13,13,74.5,164.8,10/5/21,06/08/22,0,0,10,12,9,10,76.9%,482
11,716,B,1,22,16,16,16,82,145.6,10/5/21,06/08/22,0,0,15,16,10,10,62.5%,482
11,716,C,1,176,33,32,32,67,137.1,10/5/21,06/08/22,0,0,6,26,6,6,18.8%,482
11,716,D,1,265,36,34,32,73.5,126,10/12/21,06/08/22,2,0,35,31,32,32,94.1%,436
11,716,E,1,187,13,15,22,82.5,171.3,10/5/21,06/08/22,0,0,13,11,11,13,86.7%,482
11,716,F,1,187,34,31,31,83.5,178,10/5/21,06/08/22,0,0,29,31,27,27,87.1%,482
11,716,G,1,187,29,29,24,83.5,178,10/25/21,06/08/22,0,0,22,21,21,22,75.9%,379
11,716,H,1,187,27,25,22,83.5,178,10/5/21,06/08/22,1,0,14,23,13,13,52.0%,482
11,717,A,1,314,27,28,28,62.5,140.1,10/5/21,06/08/22,28,0,17,28,16,16,57.1%,482
11,717,B,1,161,11,11,11,64.5,147.8,10/12/21,06/08/22,0,0,11,11,11,11,100.0%,436
11,717,C,1,148,43,31,29,68.5,152.9,10/5/21,06/08/22,2,0,28,29,25,25,80.6%,482
11,717,D,1,124,22,22,22,69.5,140.8,10/12/21,06/08/22,22,1,20,20,19,19,86.4%,436
11,717,E,1,165,49,34,34,71,139.9,10/12/21,06/08/22,0,0,46,34,31,31,91.2%,436
11,717,E,2,165,49,19,19,71,139.9,10/12/21,06/08/22,0,1,46,18,14,14,73.7%,436
11,717,F,1,152,10,10,9,72.5,133.3,10/25/21,06/08/22,1,0,9,9,9,9,90.0%,379
11,717,G,1,85,30,30,30,83.5,133.7,10/5/21,06/08/22,0,1,16,26,10,10,33.3%,482
11,717,H,1,228,26,26,26,74.6,145.1,10/25/21,06/08/22,0,0,0,26,0,0,0.0%,379
11,717,I,1,228,23,23,23,73,145.1,11/3/21,06/08/22,0,0,11,23,9,9,39.1%,363
11,717,J,1,228,41,41,41,74,145.1,10/25/21,06/08/22,0,0,39,41,38,38,92.7%,379
11,717,K,1,278,39,40,40,84.5,167.6,10/12/21,06/08/22,0,0,39,40,40,40,100.0%,436
11,718,A,1,311,34,34,33,80,136.7,10/5/21,06/08/22,1,0,22,34,21,21,61.8%,482
11,718,B,1,311,37,37,37,85,149.7,10/25/21,06/08/22,0,0,37,37,36,36,97.3%,379
11,718,C,1,311,38,30,30,81,152.3,10/12/21,06/08/22,0,0,33,0,29,29,96.7%,436
11,718,D,1,311,32,30,30,93.5,153,10/25/21,06/08/22,0,0,18,30,18,18,60.0%,379
11,718,E,1,15,40,39,39,62.5,143.8,10/12/21,06/08/22,0,0,39,39,38,38,97.4%,436
11,718,F,1,15,42,41,41,64.5,146.1,10/12/21,06/08/22,0,0,38,41,37,37,90.2%,436
11,718,G,1,43,32,32,32,69.5,152.7,10/25/21,06/08/22,0,0,20,32,20,20,62.5%,379
11,718,H,1,43,35,36,36,70,152.7,10/25/21,06/08/22,0,0,19,36,19,19,52.8%,379
11,718,I,1,43,39,38,38,70,152.7,10/25/21,06/08/22,0,0,31,38,32,32,84.2%,379
11,718,J,1,43,31,21,21,71,152.7,10/25/21,06/08/22,21,0,12,0,7,7,33.3%,379
11,718,K,1,54,24,25,25,72,146.2,10/5/21,06/08/22,0,0,13,25,13,13,52.0%,482
11,718,L,1,54,28,29,29,72,146.2,10/5/21,06/08/22,0,0,23,29,21,21,72.4%,482
11,718,M,1,68,29,28,28,79,153.4,10/12/21,06/08/22,0,0,28,28,28,28,100.0%,436
11,718,N,1,110,16,16,16,69.5,161.2,10/5/21,06/08/22,0,0,8,16,6,6,37.5%,482
11,718,O,1,110,32,32,32,70,161.2,10/5/21,06/08/22,0,0,31,32,31,31,96.9%,482
11,718,P,1,64,19,19,19,77.5,150.4,10/25/21,06/08/22,0,0,0,0,0,0,0.0%,379
11,718,Q,1,64,12,12,12,78,150.4,10/25/21,06/08/22,0,0,9,12,9,9,75.0%,379
11,718,R,1,24,33,32,32,83,162.1,10/12/21,06/08/22,0,0,0,32,0,0,0.0%,436
11,718,S,1,24,40,35,35,83.5,169.8,10/25/21,06/08/22,35,0,29,35,28,28,80.0%,379
11,718,S,2,24,31,29,29,83.5,169.8,10/25/21,06/08/22,0,0,28,29,28,28,96.6%,379
11,718,S,3,24,42,36,36,83.5,169.8,10/25/21,06/08/22,0,0,36,36,36,36,100.0%,379
11,718,T,1,264,35,35,35,70.5,142.9,10/5/21,06/08/22,0,0,35,35,35,35,100.0%,482
11,718,U,1,264,22,20,17,71.5,149.1,10/25/21,06/08/22,4,0,22,17,5,5,25.0%,379
11,718,V,1,287,43,48,48,77,140.4,10/25/21,06/08/22,0,0,41,48,46,46,95.8%,379
11,727,A,1,152,8,8,8,79.5,165.5,10/25/21,06/08/22,0,2,7,6,5,7,87.5%,379
11,727,B,1,152,22,22,22,80.5,165.5,10/25/21,06/08/22,0,0,17,22,17,17,77.3%,379
11,727,C,1,283,3,3,3,80,121.3,11/3/21,06/08/22,0,0,0,3,0,0,0.0%,363
11,727,D,1,299,36,35,35,60,145.4,10/25/21,06/08/22,0,0,28,35,27,27,77.1%,379
11,727,E,1,299,10,10,10,71.5,141.5,10/12/21,06/08/22,0,0,8,10,8,8,80.0%,436
11,727,F,1,299,27,24,24,80.5,158.1,10/5/21,06/08/22,0,0,0,24,0,0,0.0%,482
11,727,G,1,299,23,22,22,83.5,127.9,10/5/21,06/08/22,0,0,0,22,4,4,18.2%,482
11,727,H,1,295,26,27,27,84,140.3,10/5/21,06/08/22,0,0,24,27,24,24,88.9%,482
11,727,I,1,295,28,30,30,87.5,139.4,10/5/21,06/08/22,0,0,30,30,30,30,100.0%,482
11,727,J,1,295,24,24,24,88,168,10/5/21,06/08/22,0,0,24,24,24,24,100.0%,482
11,727,K,1,295,32,31,31,88,168,10/5/21,06/08/22,0,0,28,NA,28,28,90.3%,482
11,737,A,1,16,22,18,18,81.5,142,10/5/21,06/08/22,0,0,4,18,4,4,22.2%,482
11,737,B,1,16,31,28,27,82.5,142,10/5/21,06/08/22,1,0,0,27,0,0,0.0%,482
11,737,C,1,220,32,31,31,69,164.4,10/12/21,06/08/22,0,0,30,31,30,30,96.8%,436
11,738,A,1,300,36,34,34,66.5,151.9,10/5/21,06/08/22,0,0,34,34,32,NA,NA,482
11,738,B,1,300,29,29,29,83.5,140.7,10/12/21,06/08/22,0,0,12,29,11,11,37.9%,436
11,738,C,1,153,32,31,31,64.5,155,10/5/21,06/08/22,0,0,16,31,16,16,51.6%,482
11,738,D,1,153,31,31,31,70.5,150.2,11/3/21,06/08/22,31,0,18,31,18,18,58.1%,363
11,738,E,1,153,34,34,34,75,136.5,10/5/21,06/08/22,0,0,30,34,28,28,82.4%,482
11,738,F,1,153,58,35,35,78.5,145.3,10/5/21,06/08/22,0,0,58,35,34,34,97.1%,482
11,738,F,2,153,58,23,23,78.5,145.3,10/5/21,06/08/22,0,0,58,23,23,23,100.0%,482
11,738,G,1,153,32,32,32,79,145.3,10/5/21,06/08/22,0,32,23,32,24,20,62.5%,482
11,738,H,1,153,36,36,36,80,136.5,10/25/21,06/08/22,36,1,34,34,32,32,88.9%,379
11,738,I,1,257,35,36,36,76.5,150.5,10/25/21,06/08/22,0,0,33,36,33,33,91.7%,379
11,738,J,1,257,26,26,26,79.5,151.9,10/5/21,06/08/22,26,0,26,25,25,25,96.2%,482
11,738,K,1,257,30,26,30,79.5,151.9,10/5/21,06/08/22,0,0,19,26,15,19,73.1%,482
11,738,L,1,257,28,29,29,84,148.4,10/25/21,06/08/22,0,0,28,28,28,28,96.6%,379
11,738,M,1,257,35,29,34,85,164.7,10/12/21,06/08/22,0,0,22,20,23,23,79.3%,436
11,738,N,1,257,34,34,33,85,164.7,10/12/21,06/08/22,1,0,55,33,33,33,97.1%,436
11,738,N,2,257,25,25,25,85,164.7,10/12/21,06/08/22,0,0,55,25,25,25,100.0%,436
11,740,A,1,313,0,0,0,73,137.2,10/12/21,06/08/22,0,0,0,NA,0,0,0.0%,436
11,740,B,1,36,56,35,35,89.5,175.6,10/5/21,06/08/22,35,0,29,35,29,29,82.9%,482
11,740,B,2,36,56,20,20,89.5,175.6,10/5/21,06/08/22,0,0,0,20,0,0,0.0%,482
11,740,C,1,134,5,5,5,59.5,137.7,10/25/21,06/08/22,0,0,0,5,0,0,0.0%,379
11,740,D,1,134,29,29,29,60,135.9,10/25/21,06/08/22,0,0,26,29,24,24,82.8%,379
11,740,E,1,134,14,14,14,63.5,142.8,11/3/21,06/08/22,0,0,4,14,4,4,28.6%,363
11,740,F,1,134,6,6,6,77,132.1,10/12/21,06/08/22,0,0,0,6,0,0,0.0%,436
11,740,G,1,134,28,25,25,79.5,143.8,10/12/21,06/08/22,0,0,20,25,21,21,84.0%,436
,,,,,,,,,,,,,,,,,,,
,,,,,,,,,,,,,,,,,,,